f00000 nm0 b10 tr0 ti0 se0 init0 fd000 fdd90 e018010=0 d=---- pc1st=000000 pcLast=000000 | 0100: 00 00 00 00 00 00 00 00 00 00 00 00 00 00 00 00 00 00 00 00 00 00 00 00 00 00 00 00 00 00 00 00 | 0600-03: 00 00 00 00 | 1a64: 00 1700: 00
f00001 nm0 b10 tr0 ti0 se0 init0 fd000 fdd90 e018010=0 d=---- pc1st=000000 pcLast=000000 | 0100: 00 00 00 00 00 00 00 00 00 00 00 00 00 00 00 00 00 00 00 00 00 00 00 00 00 00 00 00 00 00 00 00 | 0600-03: 00 00 00 00 | 1a64: 00 1700: 00
f00002 nm0 b10 tr0 ti0 se0 init0 fd000 fdd90 e018010=0 d=---- pc1st=000000 pcLast=000000 | 0100: 00 00 00 00 00 00 00 00 00 00 00 00 00 00 00 00 00 00 00 00 00 00 00 00 00 00 00 00 00 00 00 00 | 0600-03: 00 00 00 00 | 1a64: 00 1700: 00
f00003 nm0 b10 tr0 ti0 se0 init0 fd000 fdd90 e018010=0 d=---- pc1st=000000 pcLast=000000 | 0100: 00 00 00 00 00 00 00 00 00 00 00 00 00 00 00 00 00 00 00 00 00 00 00 00 00 00 00 00 00 00 00 00 | 0600-03: 00 00 00 00 | 1a64: 00 1700: 00
f00004 nm0 b10 tr0 ti0 se0 init0 fd000 fdd90 e018010=0 d=---- pc1st=000000 pcLast=000000 | 0100: 00 00 00 00 00 00 00 00 00 00 00 00 00 00 00 00 00 00 00 00 00 00 00 00 00 00 00 00 00 00 00 00 | 0600-03: 00 00 00 00 | 1a64: 00 1700: 00
f00005 nm0 b10 tr0 ti0 se0 init0 fd000 fdd90 e018010=0 d=---- pc1st=000000 pcLast=000000 | 0100: 00 00 00 00 00 00 00 00 00 00 00 00 00 00 00 00 00 00 00 00 00 00 00 00 00 00 00 00 00 00 00 00 | 0600-03: 00 00 00 00 | 1a64: 00 1700: 00
f00006 nm0 b10 tr0 ti0 se0 init0 fd000 fdd90 e018010=0 d=---- pc1st=000000 pcLast=000000 | 0100: 00 00 00 00 00 00 00 00 00 00 00 00 00 00 00 00 00 00 00 00 00 00 00 00 00 00 00 00 00 00 00 00 | 0600-03: 00 00 00 00 | 1a64: 00 1700: 00
f00007 nm0 b10 tr0 ti0 se0 init0 fd000 fdd90 e018010=0 d=---- pc1st=000000 pcLast=000000 | 0100: 00 00 00 00 00 00 00 00 00 00 00 00 00 00 00 00 00 00 00 00 00 00 00 00 00 00 00 00 00 00 00 00 | 0600-03: 00 00 00 00 | 1a64: 00 1700: 00
f00008 nm0 b10 tr0 ti0 se0 init0 fd000 fdd90 e018010=0 d=---- pc1st=000000 pcLast=000000 | 0100: 00 00 00 00 00 00 00 00 00 00 00 00 00 00 00 00 00 00 00 00 00 00 00 00 00 00 00 00 00 00 00 00 | 0600-03: 00 00 00 00 | 1a64: 00 1700: 00
f00009 nm0 b10 tr0 ti0 se0 init0 fd000 fdd90 e018010=0 d=---- pc1st=000000 pcLast=000000 | 0100: 00 00 00 00 00 00 00 00 00 00 00 00 00 00 00 00 00 00 00 00 00 00 00 00 00 00 00 00 00 00 00 00 | 0600-03: 00 00 00 00 | 1a64: 00 1700: 00
f00010 nm0 b10 tr0 ti0 se0 init0 fd000 fdd90 e018010=0 d=---- pc1st=000000 pcLast=000000 | 0100: 00 00 00 00 00 00 00 00 00 00 00 00 00 00 00 00 00 00 00 00 00 00 00 00 00 00 00 00 00 00 00 00 | 0600-03: 00 00 00 00 | 1a64: 00 1700: 00
f00011 nm0 b10 tr0 ti0 se0 init0 fd000 fdd90 e018010=0 d=---- pc1st=000000 pcLast=000000 | 0100: 00 00 00 00 00 00 00 00 00 00 00 00 00 00 00 00 00 00 00 00 00 00 00 00 00 00 00 00 00 00 00 00 | 0600-03: 00 00 00 00 | 1a64: 00 1700: 00
f00012 nm0 b10 tr0 ti0 se0 init0 fd000 fdd90 e018010=0 d=---- pc1st=000000 pcLast=000000 | 0100: 00 00 00 00 00 00 00 00 00 00 00 00 00 00 00 00 00 00 00 00 00 00 00 00 00 00 00 00 00 00 00 00 | 0600-03: 00 00 00 00 | 1a64: 00 1700: 00
f00013 nm0 b10 tr0 ti0 se0 init0 fd000 fdd90 e018010=0 d=---- pc1st=000000 pcLast=000000 | 0100: 00 00 00 00 00 00 00 00 00 00 00 00 00 00 00 00 00 00 00 00 00 00 00 00 00 00 00 00 00 00 00 00 | 0600-03: 00 00 00 00 | 1a64: 00 1700: 00
f00014 nm0 b10 tr0 ti0 se0 init0 fd000 fdd90 e018010=0 d=---- pc1st=000000 pcLast=000000 | 0100: 00 00 00 00 00 00 00 00 00 00 00 00 00 00 00 00 00 00 00 00 00 00 00 00 00 00 00 00 00 00 00 00 | 0600-03: 00 00 00 00 | 1a64: 00 1700: 00
f00015 nm0 b10 tr0 ti0 se0 init0 fd000 fdd90 e018010=0 d=---- pc1st=000000 pcLast=000000 | 0100: 00 00 00 00 00 00 00 00 00 00 00 00 00 00 00 00 00 00 00 00 00 00 00 00 00 00 00 00 00 00 00 00 | 0600-03: 00 00 00 00 | 1a64: 00 1700: 00
f00016 nm0 b10 tr0 ti0 se0 init0 fd000 fdd90 e018010=0 d=---- pc1st=000000 pcLast=000000 | 0100: 00 00 00 00 00 00 00 00 00 00 00 00 00 00 00 00 00 00 00 00 00 00 00 00 00 00 00 00 00 00 00 00 | 0600-03: 00 00 00 00 | 1a64: 00 1700: 00
f00017 nm0 b10 tr0 ti0 se0 init0 fd000 fdd90 e018010=0 d=---- pc1st=000000 pcLast=000000 | 0100: 00 00 00 00 00 00 00 00 00 00 00 00 00 00 00 00 00 00 00 00 00 00 00 00 00 00 00 00 00 00 00 00 | 0600-03: 00 00 00 00 | 1a64: 00 1700: 00
f00018 nm0 b10 tr0 ti0 se0 init0 fd000 fdd90 e018010=0 d=---- pc1st=000000 pcLast=000000 | 0100: 00 00 00 00 00 00 00 00 00 00 00 00 00 00 00 00 00 00 00 00 00 00 00 00 00 00 00 00 00 00 00 00 | 0600-03: 00 00 00 00 | 1a64: 00 1700: 00
f00019 nm0 b10 tr0 ti0 se0 init0 fd000 fdd90 e018010=0 d=---- pc1st=000000 pcLast=000000 | 0100: 00 00 00 00 00 00 00 00 00 00 00 00 00 00 00 00 00 00 00 00 00 00 00 00 00 00 00 00 00 00 00 00 | 0600-03: 00 00 00 00 | 1a64: 00 1700: 00
f00020 nm0 b10 tr0 ti0 se0 init0 fd000 fdd90 e018010=0 d=---- pc1st=000000 pcLast=000000 | 0100: 00 00 00 00 00 00 00 00 00 00 00 00 00 00 00 00 00 00 00 00 00 00 00 00 00 00 00 00 00 00 00 00 | 0600-03: 00 00 00 00 | 1a64: 00 1700: 00
f00021 nm0 b10 tr0 ti0 se0 init0 fd000 fdd90 e018010=0 d=---- pc1st=000000 pcLast=000000 | 0100: 00 00 00 00 00 00 00 00 00 00 00 00 00 00 00 00 00 00 00 00 00 00 00 00 00 00 00 00 00 00 00 00 | 0600-03: 00 00 00 00 | 1a64: 00 1700: 00
f00022 nm0 b10 tr0 ti0 se0 init0 fd000 fdd90 e018010=0 d=---- pc1st=000000 pcLast=000000 | 0100: 00 00 00 00 00 00 00 00 00 00 00 00 00 00 00 00 00 00 00 00 00 00 00 00 00 00 00 00 00 00 00 00 | 0600-03: 00 00 00 00 | 1a64: 00 1700: 00
f00023 nm0 b10 tr0 ti0 se0 init0 fd000 fdd90 e018010=0 d=---- pc1st=000000 pcLast=000000 | 0100: 00 00 00 00 00 00 00 00 00 00 00 00 00 00 00 00 00 00 00 00 00 00 00 00 00 00 00 00 00 00 00 00 | 0600-03: 00 00 00 00 | 1a64: 00 1700: 00
f00024 nm0 b10 tr0 ti0 se0 init0 fd000 fdd90 e018010=0 d=---- pc1st=000000 pcLast=000000 | 0100: 00 00 00 00 00 00 00 00 00 00 00 00 00 00 00 00 00 00 00 00 00 00 00 00 00 00 00 00 00 00 00 00 | 0600-03: 00 00 00 00 | 1a64: 00 1700: 00
f00025 nm0 b10 tr0 ti0 se0 init0 fd000 fdd90 e018010=0 d=---- pc1st=000000 pcLast=000000 | 0100: 00 00 00 00 00 00 00 00 00 00 00 00 00 00 00 00 00 00 00 00 00 00 00 00 00 00 00 00 00 00 00 00 | 0600-03: 00 00 00 00 | 1a64: 00 1700: 00
f00026 nm0 b10 tr0 ti0 se0 init0 fd000 fdd90 e018010=0 d=---- pc1st=000000 pcLast=000000 | 0100: 00 00 00 00 00 00 00 00 00 00 00 00 00 00 00 00 00 00 00 00 00 00 00 00 00 00 00 00 00 00 00 00 | 0600-03: 00 00 00 00 | 1a64: 00 1700: 00
f00027 nm0 b10 tr0 ti0 se0 init0 fd000 fdd90 e018010=0 d=---- pc1st=000000 pcLast=000000 | 0100: 00 00 00 00 00 00 00 00 00 00 00 00 00 00 00 00 00 00 00 00 00 00 00 00 00 00 00 00 00 00 00 00 | 0600-03: 00 00 00 00 | 1a64: 00 1700: 00
f00028 nm0 b10 tr0 ti0 se0 init0 fd000 fdd90 e018010=0 d=---- pc1st=000000 pcLast=000000 | 0100: 00 00 00 00 00 00 00 00 00 00 00 00 00 00 00 00 00 00 00 00 00 00 00 00 00 00 00 00 00 00 00 00 | 0600-03: 00 00 00 00 | 1a64: 00 1700: 00
f00029 nm0 b10 tr0 ti0 se0 init0 fd000 fdd90 e018010=0 d=---- pc1st=000000 pcLast=000000 | 0100: 00 00 00 00 00 00 00 00 00 00 00 00 00 00 00 00 00 00 00 00 00 00 00 00 00 00 00 00 00 00 00 00 | 0600-03: 00 00 00 00 | 1a64: 00 1700: 00
f00030 nm0 b10 tr0 ti0 se0 init0 fd000 fdd90 e018010=0 d=---- pc1st=000000 pcLast=000000 | 0100: 00 00 00 00 00 00 00 00 00 00 00 00 00 00 00 00 00 00 00 00 00 00 00 00 00 00 00 00 00 00 00 00 | 0600-03: 00 00 00 00 | 1a64: 00 1700: 00
f00031 nm0 b10 tr0 ti0 se0 init0 fd000 fdd90 e018010=0 d=---- pc1st=000000 pcLast=000000 | 0100: 00 00 00 00 00 00 00 00 00 00 00 00 00 00 00 00 00 00 00 00 00 00 00 00 00 00 00 00 00 00 00 00 | 0600-03: 00 00 00 00 | 1a64: 00 1700: 00
f00032 nm0 b10 tr0 ti0 se0 init0 fd000 fdd90 e018010=0 d=---- pc1st=000000 pcLast=000000 | 0100: 00 00 00 00 00 00 00 00 00 00 00 00 00 00 00 00 00 00 00 00 00 00 00 00 00 00 00 00 00 00 00 00 | 0600-03: 00 00 00 00 | 1a64: 00 1700: 00
f00033 nm0 b10 tr0 ti0 se0 init0 fd000 fdd90 e018010=0 d=---- pc1st=000000 pcLast=000000 | 0100: 00 00 00 00 00 00 00 00 00 00 00 00 00 00 00 00 00 00 00 00 00 00 00 00 00 00 00 00 00 00 00 00 | 0600-03: 00 00 00 00 | 1a64: 00 1700: 00
f00034 nm0 b10 tr0 ti0 se0 init0 fd000 fdd90 e018010=0 d=---- pc1st=000000 pcLast=000000 | 0100: 00 00 00 00 00 00 00 00 00 00 00 00 00 00 00 00 00 00 00 00 00 00 00 00 00 00 00 00 00 00 00 00 | 0600-03: 00 00 00 00 | 1a64: 00 1700: 00
f00035 nm0 b10 tr0 ti0 se0 init0 fd000 fdd90 e018010=0 d=---- pc1st=000000 pcLast=000000 | 0100: 00 00 00 00 00 00 00 00 00 00 00 00 00 00 00 00 00 00 00 00 00 00 00 00 00 00 00 00 00 00 00 00 | 0600-03: 00 00 00 00 | 1a64: 00 1700: 00
f00036 nm0 b10 tr0 ti0 se0 init0 fd000 fdd90 e018010=0 d=---- pc1st=000000 pcLast=000000 | 0100: 00 00 00 00 00 00 00 00 00 00 00 00 00 00 00 00 00 00 00 00 00 00 00 00 00 00 00 00 00 00 00 00 | 0600-03: 00 00 00 00 | 1a64: 00 1700: 00
f00037 nm0 b10 tr0 ti0 se0 init0 fd000 fdd90 e018010=0 d=---- pc1st=000000 pcLast=000000 | 0100: 00 00 00 00 00 00 00 00 00 00 00 00 00 00 00 00 00 00 00 00 00 00 00 00 00 00 00 00 00 00 00 00 | 0600-03: 00 00 00 00 | 1a64: 00 1700: 00
f00038 nm0 b10 tr0 ti0 se0 init0 fd000 fdd90 e018010=0 d=---- pc1st=000000 pcLast=000000 | 0100: 00 00 00 00 00 00 00 00 00 00 00 00 00 00 00 00 00 00 00 00 00 00 00 00 00 00 00 00 00 00 00 00 | 0600-03: 00 00 00 00 | 1a64: 00 1700: 00
f00039 nm0 b10 tr0 ti0 se0 init0 fd000 fdd90 e018010=0 d=---- pc1st=000000 pcLast=000000 | 0100: 00 00 00 00 00 00 00 00 00 00 00 00 00 00 00 00 00 00 00 00 00 00 00 00 00 00 00 00 00 00 00 00 | 0600-03: 00 00 00 00 | 1a64: 00 1700: 00
f00040 nm0 b10 tr0 ti0 se0 init0 fd000 fdd90 e018010=0 d=---- pc1st=000000 pcLast=000000 | 0100: 00 00 00 00 00 00 00 00 00 00 00 00 00 00 00 00 00 00 00 00 00 00 00 00 00 00 00 00 00 00 00 00 | 0600-03: 00 00 00 00 | 1a64: 00 1700: 00
f00041 nm0 b10 tr0 ti0 se0 init0 fd000 fdd90 e018010=0 d=---- pc1st=000000 pcLast=000000 | 0100: 00 00 00 00 00 00 00 00 00 00 00 00 00 00 00 00 00 00 00 00 00 00 00 00 00 00 00 00 00 00 00 00 | 0600-03: 00 00 00 00 | 1a64: 00 1700: 00
f00042 nm0 b10 tr0 ti0 se0 init0 fd000 fdd90 e018010=0 d=---- pc1st=000000 pcLast=000000 | 0100: 00 00 00 00 00 00 00 00 00 00 00 00 00 00 00 00 00 00 00 00 00 00 00 00 00 00 00 00 00 00 00 00 | 0600-03: 00 00 00 00 | 1a64: 00 1700: 00
f00043 nm0 b10 tr0 ti0 se0 init0 fd000 fdd90 e018010=0 d=---- pc1st=000000 pcLast=000000 | 0100: 00 00 00 00 00 00 00 00 00 00 00 00 00 00 00 00 00 00 00 00 00 00 00 00 00 00 00 00 00 00 00 00 | 0600-03: 00 00 00 00 | 1a64: 00 1700: 00
f00044 nm0 b10 tr0 ti0 se0 init0 fd000 fdd90 e018010=0 d=---- pc1st=000000 pcLast=000000 | 0100: 00 00 00 00 00 00 00 00 00 00 00 00 00 00 00 00 00 00 00 00 00 00 00 00 00 00 00 00 00 00 00 00 | 0600-03: 00 00 00 00 | 1a64: 00 1700: 00
f00045 nm0 b10 tr0 ti0 se0 init0 fd000 fdd90 e018010=0 d=---- pc1st=000000 pcLast=000000 | 0100: 00 00 00 00 00 00 00 00 00 00 00 00 00 00 00 00 00 00 00 00 00 00 00 00 00 00 00 00 00 00 00 00 | 0600-03: 00 00 00 00 | 1a64: 00 1700: 00
f00046 nm0 b10 tr0 ti0 se0 init0 fd000 fdd90 e018010=0 d=---- pc1st=000000 pcLast=000000 | 0100: 00 00 00 00 00 00 00 00 00 00 00 00 00 00 00 00 00 00 00 00 00 00 00 00 00 00 00 00 00 00 00 00 | 0600-03: 00 00 00 00 | 1a64: 00 1700: 00
f00047 nm0 b10 tr0 ti0 se0 init0 fd000 fdd90 e018010=0 d=---- pc1st=000000 pcLast=000000 | 0100: 00 00 00 00 00 00 00 00 00 00 00 00 00 00 00 00 00 00 00 00 00 00 00 00 00 00 00 00 00 00 00 00 | 0600-03: 00 00 00 00 | 1a64: 00 1700: 00
f00048 nm0 b14 tr138 ti0 se7 init1 fd001 fdd9137 e018010=0 d=0600 pc1st=01801c pcLast=01801f | 0100: 00 00 00 00 ff ff 00 00 00 00 00 00 00 00 00 00 00 00 00 00 00 00 00 00 00 00 00 00 00 00 00 00 | 0600-03: 00 00 00 00 | 1a64: 00 1700: 00
f00049 nm0 b10 tr0 ti0 se0 init0 fd000 fdd90 e018010=0 d=---- pc1st=000000 pcLast=000000 | 0100: 00 00 00 00 ff ff 00 00 00 00 00 00 00 00 00 00 00 00 00 00 00 00 00 00 00 00 00 00 00 00 00 00 | 0600-03: 00 00 00 00 | 1a64: 00 1700: 00
f00050 nm0 b10 tr0 ti0 se0 init0 fd000 fdd90 e018010=0 d=---- pc1st=000000 pcLast=000000 | 0100: 00 00 00 00 ff ff 00 00 00 00 00 00 00 00 00 00 00 00 00 00 00 00 00 00 00 00 00 00 00 00 00 00 | 0600-03: 00 00 00 00 | 1a64: 00 1700: 00
f00051 nm0 b10 tr0 ti0 se0 init0 fd000 fdd90 e018010=0 d=---- pc1st=000000 pcLast=000000 | 0100: 00 00 00 00 ff ff 00 00 00 00 00 00 00 00 00 00 00 00 00 00 00 00 00 00 00 00 00 00 00 00 00 00 | 0600-03: 00 00 00 00 | 1a64: 00 1700: 00
f00052 nm0 b10 tr0 ti0 se0 init0 fd000 fdd90 e018010=0 d=---- pc1st=000000 pcLast=000000 | 0100: 00 00 00 00 ff ff 00 00 00 00 00 00 00 00 00 00 00 00 00 00 00 00 00 00 00 00 00 00 00 00 00 00 | 0600-03: 00 00 00 00 | 1a64: 00 1700: 00
f00053 nm0 b10 tr0 ti0 se0 init0 fd000 fdd90 e018010=0 d=---- pc1st=000000 pcLast=000000 | 0100: 00 00 00 00 ff ff 00 00 00 00 00 00 00 00 00 00 00 00 00 00 00 00 00 00 00 00 00 00 00 00 00 00 | 0600-03: 00 00 00 00 | 1a64: 00 1700: 00
f00054 nm0 b10 tr0 ti0 se0 init0 fd000 fdd90 e018010=0 d=---- pc1st=000000 pcLast=000000 | 0100: 00 00 00 00 ff ff 00 00 00 00 00 00 00 00 00 00 00 00 00 00 00 00 00 00 00 00 00 00 00 00 00 00 | 0600-03: 00 00 00 00 | 1a64: 00 1700: 00
f00055 nm0 b10 tr0 ti0 se0 init0 fd000 fdd90 e018010=0 d=---- pc1st=000000 pcLast=000000 | 0100: 00 00 00 00 ff ff 00 00 00 00 00 00 00 00 00 00 00 00 00 00 00 00 00 00 00 00 00 00 00 00 00 00 | 0600-03: 00 00 00 00 | 1a64: 00 1700: 00
f00056 nm0 b10 tr0 ti0 se0 init0 fd000 fdd90 e018010=0 d=---- pc1st=000000 pcLast=000000 | 0100: 00 00 00 00 ff ff 00 00 00 00 00 00 00 00 00 00 00 00 00 00 00 00 00 00 00 00 00 00 00 00 00 00 | 0600-03: 00 00 00 00 | 1a64: 00 1700: 00
f00057 nm0 b10 tr0 ti0 se0 init0 fd000 fdd90 e018010=0 d=---- pc1st=000000 pcLast=000000 | 0100: 00 00 00 00 ff ff 00 00 00 00 00 00 00 00 00 00 00 00 00 00 00 00 00 00 00 00 00 00 00 00 00 00 | 0600-03: 00 00 00 00 | 1a64: 00 1700: 00
f00058 nm0 b10 tr0 ti0 se0 init0 fd000 fdd90 e018010=0 d=---- pc1st=000000 pcLast=000000 | 0100: 00 00 00 00 ff ff 00 00 00 00 00 00 00 00 00 00 00 00 00 00 00 00 00 00 00 00 00 00 00 00 00 00 | 0600-03: 00 00 00 00 | 1a64: 00 1700: 00
f00059 nm0 b10 tr0 ti0 se0 init0 fd000 fdd90 e018010=0 d=---- pc1st=000000 pcLast=000000 | 0100: 00 00 00 00 ff ff 00 00 00 00 00 00 00 00 00 00 00 00 00 00 00 00 00 00 00 00 00 00 00 00 00 00 | 0600-03: 00 00 00 00 | 1a64: 00 1700: 00
f00060 nm0 b10 tr0 ti0 se0 init0 fd000 fdd90 e018010=0 d=---- pc1st=000000 pcLast=000000 | 0100: 00 00 00 00 ff ff 00 00 00 00 00 00 00 00 00 00 00 00 00 00 00 00 00 00 00 00 00 00 00 00 00 00 | 0600-03: 00 00 00 00 | 1a64: 00 1700: 00
f00061 nm0 b10 tr0 ti0 se0 init0 fd000 fdd90 e018010=0 d=---- pc1st=000000 pcLast=000000 | 0100: 00 00 00 00 ff ff 00 00 00 00 00 00 00 00 00 00 00 00 00 00 00 00 00 00 00 00 00 00 00 00 00 00 | 0600-03: 00 00 00 00 | 1a64: 00 1700: 00
f00062 nm0 b10 tr0 ti0 se0 init0 fd000 fdd90 e018010=0 d=---- pc1st=000000 pcLast=000000 | 0100: 00 00 00 00 ff ff 00 00 00 00 00 00 00 00 00 00 00 00 00 00 00 00 00 00 00 00 00 00 00 00 00 00 | 0600-03: 00 00 00 00 | 1a64: 00 1700: 00
f00063 nm0 b10 tr0 ti0 se0 init0 fd000 fdd90 e018010=0 d=---- pc1st=000000 pcLast=000000 | 0100: 00 00 00 00 ff ff 00 00 00 00 00 00 00 00 00 00 00 00 00 00 00 00 00 00 00 00 00 00 00 00 00 00 | 0600-03: 00 00 00 00 | 1a64: 00 1700: 00
f00064 nm0 b10 tr0 ti0 se0 init0 fd000 fdd90 e018010=0 d=---- pc1st=000000 pcLast=000000 | 0100: 00 00 00 00 ff ff 00 00 00 00 00 00 00 00 00 00 00 00 00 00 00 00 00 00 00 00 00 00 00 00 00 00 | 0600-03: 00 00 00 00 | 1a64: 00 1700: 00
f00065 nm0 b10 tr0 ti0 se0 init0 fd000 fdd90 e018010=0 d=---- pc1st=000000 pcLast=000000 | 0100: 00 00 00 00 ff ff 00 00 00 00 00 00 00 00 00 00 00 00 00 00 00 00 00 00 00 00 00 00 00 00 00 00 | 0600-03: 00 00 00 00 | 1a64: 00 1700: 00
f00066 nm0 b10 tr0 ti0 se0 init0 fd000 fdd90 e018010=0 d=---- pc1st=000000 pcLast=000000 | 0100: 00 00 00 00 ff ff 00 00 00 00 00 00 00 00 00 00 00 00 00 00 00 00 00 00 00 00 00 00 00 00 00 00 | 0600-03: 00 00 00 00 | 1a64: 00 1700: 00
f00067 nm0 b10 tr0 ti0 se0 init0 fd000 fdd90 e018010=0 d=---- pc1st=000000 pcLast=000000 | 0100: 00 00 00 00 ff ff 00 00 00 00 00 00 00 00 00 00 00 00 00 00 00 00 00 00 00 00 00 00 00 00 00 00 | 0600-03: 00 00 00 00 | 1a64: 00 1700: 00
f00068 nm0 b10 tr0 ti0 se0 init0 fd000 fdd90 e018010=0 d=---- pc1st=000000 pcLast=000000 | 0100: 00 00 00 00 ff ff 00 00 00 00 00 00 00 00 00 00 00 00 00 00 00 00 00 00 00 00 00 00 00 00 00 00 | 0600-03: 00 00 00 00 | 1a64: 00 1700: 00
f00069 nm0 b10 tr0 ti0 se0 init0 fd000 fdd90 e018010=0 d=---- pc1st=000000 pcLast=000000 | 0100: 00 00 00 00 ff ff 00 00 00 00 00 00 00 00 00 00 00 00 00 00 00 00 00 00 00 00 00 00 00 00 00 00 | 0600-03: 00 00 00 00 | 1a64: 00 1700: 00
f00070 nm0 b10 tr0 ti0 se0 init0 fd000 fdd90 e018010=0 d=---- pc1st=000000 pcLast=000000 | 0100: 00 00 00 00 ff ff 00 00 00 00 00 00 00 00 00 00 00 00 00 00 00 00 00 00 00 00 00 00 00 00 00 00 | 0600-03: 00 00 00 00 | 1a64: 00 1700: 00
f00071 nm0 b10 tr0 ti0 se0 init0 fd000 fdd90 e018010=0 d=---- pc1st=000000 pcLast=000000 | 0100: 00 00 00 00 ff ff 00 00 00 00 00 00 00 00 00 00 00 00 00 00 00 00 00 00 00 00 00 00 00 00 00 00 | 0600-03: 00 00 00 00 | 1a64: 00 1700: 00
f00072 nm0 b10 tr0 ti0 se0 init0 fd000 fdd90 e018010=0 d=---- pc1st=000000 pcLast=000000 | 0100: 00 00 00 00 ff ff 00 00 00 00 00 00 00 00 00 00 00 00 00 00 00 00 00 00 00 00 00 00 00 00 00 00 | 0600-03: 00 00 00 00 | 1a64: 00 1700: 00
f00073 nm0 b10 tr0 ti0 se0 init0 fd000 fdd90 e018010=0 d=---- pc1st=000000 pcLast=000000 | 0100: 00 00 00 00 ff ff 00 00 00 00 00 00 00 00 00 00 00 00 00 00 00 00 00 00 00 00 00 00 00 00 00 00 | 0600-03: 00 00 00 00 | 1a64: 00 1700: 00
f00074 nm0 b10 tr0 ti0 se0 init0 fd000 fdd90 e018010=0 d=---- pc1st=000000 pcLast=000000 | 0100: 00 00 00 00 ff ff 00 00 00 00 00 00 00 00 00 00 00 00 00 00 00 00 00 00 00 00 00 00 00 00 00 00 | 0600-03: 00 00 00 00 | 1a64: 00 1700: 00
f00075 nm0 b10 tr0 ti0 se0 init0 fd000 fdd90 e018010=0 d=---- pc1st=000000 pcLast=000000 | 0100: 00 00 00 00 ff ff 00 00 00 00 00 00 00 00 00 00 00 00 00 00 00 00 00 00 00 00 00 00 00 00 00 00 | 0600-03: 00 00 00 00 | 1a64: 00 1700: 00
f00076 nm0 b10 tr0 ti0 se0 init0 fd000 fdd90 e018010=0 d=---- pc1st=000000 pcLast=000000 | 0100: 00 00 00 00 ff ff 00 00 00 00 00 00 00 00 00 00 00 00 00 00 00 00 00 00 00 00 00 00 00 00 00 00 | 0600-03: 00 00 00 00 | 1a64: 00 1700: 00
f00077 nm0 b10 tr0 ti0 se0 init0 fd000 fdd90 e018010=0 d=---- pc1st=000000 pcLast=000000 | 0100: 00 00 00 00 ff ff 00 00 00 00 00 00 00 00 00 00 00 00 00 00 00 00 00 00 00 00 00 00 00 00 00 00 | 0600-03: 00 00 00 00 | 1a64: 00 1700: 00
f00078 nm0 b10 tr0 ti0 se0 init0 fd000 fdd90 e018010=0 d=---- pc1st=000000 pcLast=000000 | 0100: 00 00 00 00 ff ff 00 00 00 00 00 00 00 00 00 00 00 00 00 00 00 00 00 00 00 00 00 00 00 00 00 00 | 0600-03: 00 00 00 00 | 1a64: 00 1700: 00
f00079 nm0 b10 tr0 ti0 se0 init0 fd000 fdd90 e018010=0 d=---- pc1st=000000 pcLast=000000 | 0100: 00 00 00 00 ff ff 00 00 00 00 00 00 00 00 00 00 00 00 00 00 00 00 00 00 00 00 00 00 00 00 00 00 | 0600-03: 00 00 00 00 | 1a64: 00 1700: 00
f00080 nm0 b10 tr0 ti0 se0 init0 fd000 fdd90 e018010=0 d=---- pc1st=000000 pcLast=000000 | 0100: 00 00 00 00 ff ff 00 00 00 00 00 00 00 00 00 00 00 00 00 00 00 00 00 00 00 00 00 00 00 00 00 00 | 0600-03: 00 00 00 00 | 1a64: 00 1700: 00
f00081 nm0 b10 tr0 ti0 se0 init0 fd000 fdd90 e018010=0 d=---- pc1st=000000 pcLast=000000 | 0100: 00 00 00 00 ff ff 00 00 00 00 00 00 00 00 00 00 00 00 00 00 00 00 00 00 00 00 00 00 00 00 00 00 | 0600-03: 00 00 00 00 | 1a64: 00 1700: 00
f00082 nm0 b10 tr0 ti0 se0 init0 fd000 fdd90 e018010=0 d=---- pc1st=000000 pcLast=000000 | 0100: 00 00 00 00 ff ff 00 00 00 00 00 00 00 00 00 00 00 00 00 00 00 00 00 00 00 00 00 00 00 00 00 00 | 0600-03: 00 00 00 00 | 1a64: 00 1700: 00
f00083 nm0 b10 tr0 ti0 se0 init0 fd000 fdd90 e018010=0 d=---- pc1st=000000 pcLast=000000 | 0100: 00 00 00 00 ff ff 00 00 00 00 00 00 00 00 00 00 00 00 00 00 00 00 00 00 00 00 00 00 00 00 00 00 | 0600-03: 00 00 00 00 | 1a64: 00 1700: 00
f00084 nm0 b10 tr0 ti0 se0 init0 fd000 fdd90 e018010=0 d=---- pc1st=000000 pcLast=000000 | 0100: 00 00 00 00 ff ff 00 00 00 00 00 00 00 00 00 00 00 00 00 00 00 00 00 00 00 00 00 00 00 00 00 00 | 0600-03: 00 00 00 00 | 1a64: 00 1700: 00
f00085 nm0 b10 tr0 ti0 se0 init0 fd000 fdd90 e018010=0 d=---- pc1st=000000 pcLast=000000 | 0100: 00 00 00 00 ff ff 00 00 00 00 00 00 00 00 00 00 00 00 00 00 00 00 00 00 00 00 00 00 00 00 00 00 | 0600-03: 00 00 00 00 | 1a64: 00 1700: 00
f00086 nm0 b10 tr0 ti0 se0 init0 fd000 fdd90 e018010=0 d=---- pc1st=000000 pcLast=000000 | 0100: 00 00 00 00 ff ff 00 00 00 00 00 00 00 00 00 00 00 00 00 00 00 00 00 00 00 00 00 00 00 00 00 00 | 0600-03: 00 00 00 00 | 1a64: 00 1700: 00
f00087 nm0 b10 tr0 ti0 se0 init0 fd000 fdd90 e018010=0 d=---- pc1st=000000 pcLast=000000 | 0100: 00 00 00 00 ff ff 00 00 00 00 00 00 00 00 00 00 00 00 00 00 00 00 00 00 00 00 00 00 00 00 00 00 | 0600-03: 00 00 00 00 | 1a64: 00 1700: 00
f00088 nm0 b10 tr0 ti0 se0 init0 fd000 fdd90 e018010=0 d=---- pc1st=000000 pcLast=000000 | 0100: 00 00 00 00 ff ff 00 00 00 00 00 00 00 00 00 00 00 00 00 00 00 00 00 00 00 00 00 00 00 00 00 00 | 0600-03: 00 00 00 00 | 1a64: 00 1700: 00
f00089 nm0 b10 tr0 ti0 se0 init0 fd000 fdd90 e018010=0 d=---- pc1st=000000 pcLast=000000 | 0100: 00 00 00 00 ff ff 00 00 00 00 00 00 00 00 00 00 00 00 00 00 00 00 00 00 00 00 00 00 00 00 00 00 | 0600-03: 00 00 00 00 | 1a64: 00 1700: 00
f00090 nm0 b10 tr0 ti0 se0 init0 fd000 fdd90 e018010=0 d=---- pc1st=000000 pcLast=000000 | 0100: 00 00 00 00 ff ff 00 00 00 00 00 00 00 00 00 00 00 00 00 00 00 00 00 00 00 00 00 00 00 00 00 00 | 0600-03: 00 00 00 00 | 1a64: 00 1700: 00
f00091 nm0 b10 tr0 ti0 se0 init0 fd000 fdd90 e018010=0 d=---- pc1st=000000 pcLast=000000 | 0100: 00 00 00 00 ff ff 00 00 00 00 00 00 00 00 00 00 00 00 00 00 00 00 00 00 00 00 00 00 00 00 00 00 | 0600-03: 00 00 00 00 | 1a64: 00 1700: 00
f00092 nm0 b10 tr0 ti0 se0 init0 fd000 fdd90 e018010=0 d=---- pc1st=000000 pcLast=000000 | 0100: 00 00 00 00 ff ff 00 00 00 00 00 00 00 00 00 00 00 00 00 00 00 00 00 00 00 00 00 00 00 00 00 00 | 0600-03: 00 00 00 00 | 1a64: 00 1700: 00
f00093 nm0 b10 tr0 ti0 se0 init0 fd000 fdd90 e018010=0 d=---- pc1st=000000 pcLast=000000 | 0100: 00 00 00 00 ff ff 00 00 00 00 00 00 00 00 00 00 00 00 00 00 00 00 00 00 00 00 00 00 00 00 00 00 | 0600-03: 00 00 00 00 | 1a64: 00 1700: 00
f00094 nm0 b10 tr0 ti0 se0 init0 fd000 fdd90 e018010=0 d=---- pc1st=000000 pcLast=000000 | 0100: 00 00 00 00 ff ff 00 00 00 00 00 00 00 00 00 00 00 00 00 00 00 00 00 00 00 00 00 00 00 00 00 00 | 0600-03: 00 00 00 00 | 1a64: 00 1700: 00
f00095 nm0 b10 tr0 ti0 se0 init0 fd000 fdd90 e018010=0 d=---- pc1st=000000 pcLast=000000 | 0100: 00 00 00 00 ff ff 00 00 00 00 00 00 00 00 00 00 00 00 00 00 00 00 00 00 00 00 00 00 00 00 00 00 | 0600-03: 00 00 00 00 | 1a64: 00 1700: 00
f00096 nm0 b10 tr0 ti0 se0 init0 fd000 fdd90 e018010=0 d=---- pc1st=000000 pcLast=000000 | 0100: 00 00 00 00 ff ff 00 00 00 00 00 00 00 00 00 00 00 00 00 00 00 00 00 00 00 00 00 00 00 00 00 00 | 0600-03: 00 00 00 00 | 1a64: 00 1700: 00
f00097 nm0 b10 tr0 ti0 se0 init0 fd000 fdd90 e018010=0 d=---- pc1st=000000 pcLast=000000 | 0100: 00 00 00 00 ff ff 00 00 00 00 00 00 00 00 00 00 00 00 00 00 00 00 00 00 00 00 00 00 00 00 00 00 | 0600-03: 00 00 00 00 | 1a64: 00 1700: 00
f00098 nm104 b110 tr273 ti4 se0 init0 fd001 fdd90 e018010=0 d=0600 pc1st=018010 pcLast=018013 | 0100: 00 00 00 00 00 00 00 00 00 00 00 00 18 18 18 18 00 00 00 00 00 00 00 00 00 00 00 00 00 00 00 00 | 0600-03: 00 00 00 00 | 1a64: 00 1700: 03
f00099 nm104 b110 tr273 ti0 se0 init0 fd001 fdd90 e018010=0 d=0600 pc1st=018010 pcLast=018013 | 0100: 00 00 00 00 00 00 00 00 00 00 00 00 18 18 18 18 00 00 00 00 00 00 00 00 00 00 00 00 00 00 00 00 | 0600-03: 00 00 00 00 | 1a64: 00 1700: 03
f00100 nm104 b110 tr273 ti0 se0 init0 fd001 fdd90 e018010=0 d=0600 pc1st=018010 pcLast=018013 | 0100: 00 00 00 00 00 00 00 00 00 00 00 00 18 18 18 18 00 00 00 00 00 00 00 00 00 00 00 00 00 00 00 00 | 0600-03: 00 00 00 00 | 1a64: 00 1700: 03
f00101 nm104 b110 tr273 ti0 se0 init0 fd001 fdd90 e018010=0 d=0600 pc1st=018010 pcLast=018013 | 0100: 00 00 00 00 00 00 00 00 00 00 00 00 18 18 18 18 00 00 00 00 00 00 00 00 00 00 00 00 00 00 00 00 | 0600-03: 00 00 00 00 | 1a64: 00 1700: 03
f00102 nm104 b110 tr273 ti0 se0 init0 fd001 fdd90 e018010=0 d=0600 pc1st=018010 pcLast=018013 | 0100: 00 00 00 00 00 00 00 00 00 00 00 00 18 18 18 18 00 00 00 00 00 00 00 00 00 00 00 00 00 00 00 00 | 0600-03: 00 00 00 00 | 1a64: 00 1700: 03
f00103 nm104 b110 tr273 ti0 se0 init0 fd001 fdd90 e018010=0 d=0600 pc1st=018010 pcLast=018013 | 0100: 00 00 00 00 00 00 00 00 00 00 00 00 18 18 18 18 00 00 00 00 00 00 00 00 00 00 00 00 00 00 00 00 | 0600-03: 00 00 00 00 | 1a64: 00 1700: 03
f00104 nm104 b110 tr273 ti0 se0 init0 fd001 fdd90 e018010=0 d=0600 pc1st=018010 pcLast=018013 | 0100: 00 00 00 00 00 00 00 00 00 00 00 00 18 18 18 18 00 00 00 00 00 00 00 00 00 00 00 00 00 00 00 00 | 0600-03: 00 00 00 00 | 1a64: 00 1700: 03
f00105 nm104 b110 tr273 ti0 se0 init0 fd001 fdd90 e018010=0 d=0600 pc1st=018010 pcLast=018013 | 0100: 00 00 00 00 00 00 00 00 00 00 00 00 18 18 18 18 00 00 00 00 00 00 00 00 00 00 00 00 00 00 00 00 | 0600-03: 00 00 00 00 | 1a64: 00 1700: 03
f00106 nm104 b110 tr273 ti0 se0 init0 fd001 fdd90 e018010=0 d=0600 pc1st=018010 pcLast=018013 | 0100: 00 00 00 00 00 00 00 00 00 00 00 00 18 18 18 18 00 00 00 00 00 00 00 00 00 00 00 00 00 00 00 00 | 0600-03: 00 00 00 00 | 1a64: 00 1700: 03
f00107 nm104 b110 tr273 ti0 se0 init0 fd001 fdd90 e018010=0 d=0600 pc1st=018010 pcLast=018013 | 0100: 00 00 00 00 00 00 00 00 00 00 00 00 18 18 18 18 00 00 00 00 00 00 00 00 00 00 00 00 00 00 00 00 | 0600-03: 00 00 00 00 | 1a64: 00 1700: 03
f00108 nm104 b110 tr273 ti0 se0 init0 fd001 fdd90 e018010=0 d=0600 pc1st=018010 pcLast=018013 | 0100: 00 00 00 00 00 00 00 00 00 00 00 00 18 18 18 18 00 00 00 00 00 00 00 00 00 00 00 00 00 00 00 00 | 0600-03: 00 00 00 00 | 1a64: 00 1700: 03
f00109 nm104 b110 tr273 ti0 se0 init0 fd001 fdd90 e018010=0 d=0600 pc1st=018010 pcLast=018013 | 0100: 00 00 00 00 00 00 00 00 00 00 00 00 18 18 18 18 00 00 00 00 00 00 00 00 00 00 00 00 00 00 00 00 | 0600-03: 00 00 00 00 | 1a64: 00 1700: 03
f00110 nm104 b110 tr273 ti0 se0 init0 fd001 fdd90 e018010=0 d=0600 pc1st=018010 pcLast=018013 | 0100: 00 00 00 00 00 00 00 00 00 00 00 00 18 18 18 18 00 00 00 00 00 00 00 00 00 00 00 00 00 00 00 00 | 0600-03: 00 00 00 00 | 1a64: 00 1700: 03
f00111 nm104 b110 tr273 ti0 se0 init0 fd001 fdd90 e018010=0 d=0600 pc1st=018010 pcLast=018013 | 0100: 00 00 00 00 00 00 00 00 00 00 00 00 18 18 18 18 00 00 00 00 00 00 00 00 00 00 00 00 00 00 00 00 | 0600-03: 00 00 00 00 | 1a64: 00 1700: 03
f00112 nm104 b110 tr273 ti0 se0 init0 fd001 fdd90 e018010=0 d=0600 pc1st=018010 pcLast=018013 | 0100: 00 00 00 00 00 00 00 00 00 00 00 00 18 18 18 18 00 00 00 00 00 00 00 00 00 00 00 00 00 00 00 00 | 0600-03: 00 00 00 00 | 1a64: 00 1700: 03
f00113 nm104 b110 tr273 ti0 se0 init0 fd001 fdd90 e018010=0 d=0600 pc1st=018010 pcLast=018013 | 0100: 00 00 00 00 00 00 00 00 00 00 00 00 18 18 18 18 00 00 00 00 00 00 00 00 00 00 00 00 00 00 00 00 | 0600-03: 00 00 00 00 | 1a64: 00 1700: 03
f00114 nm104 b110 tr273 ti0 se0 init0 fd001 fdd90 e018010=0 d=0600 pc1st=018010 pcLast=018013 | 0100: 00 00 00 00 00 00 00 00 00 00 00 00 18 18 18 18 00 00 00 00 00 00 00 00 00 00 00 00 00 00 00 00 | 0600-03: 00 00 00 00 | 1a64: 00 1700: 03
f00115 nm104 b110 tr273 ti0 se0 init0 fd001 fdd90 e018010=0 d=0600 pc1st=018010 pcLast=018013 | 0100: 00 00 00 00 00 00 00 00 00 00 00 00 18 18 18 18 00 00 00 00 00 00 00 00 00 00 00 00 00 00 00 00 | 0600-03: 00 00 00 00 | 1a64: 00 1700: 03
f00116 nm104 b110 tr273 ti0 se0 init0 fd001 fdd90 e018010=0 d=0600 pc1st=018010 pcLast=018013 | 0100: 00 00 00 00 00 00 00 00 00 00 00 00 18 18 18 18 00 00 00 00 00 00 00 00 00 00 00 00 00 00 00 00 | 0600-03: 00 00 00 00 | 1a64: 00 1700: 03
f00117 nm104 b110 tr273 ti0 se0 init0 fd001 fdd90 e018010=0 d=0600 pc1st=018010 pcLast=018013 | 0100: 00 00 00 00 00 00 00 00 00 00 00 00 18 18 18 18 00 00 00 00 00 00 00 00 00 00 00 00 00 00 00 00 | 0600-03: 00 00 00 00 | 1a64: 00 1700: 03
f00118 nm104 b110 tr273 ti0 se0 init0 fd001 fdd90 e018010=0 d=0600 pc1st=018010 pcLast=018013 | 0100: 00 00 00 00 00 00 00 00 00 00 00 00 18 18 18 18 00 00 00 00 00 00 00 00 00 00 00 00 00 00 00 00 | 0600-03: 00 00 00 00 | 1a64: 00 1700: 03
f00119 nm104 b110 tr273 ti0 se0 init0 fd001 fdd90 e018010=0 d=0600 pc1st=018010 pcLast=018013 | 0100: 00 00 00 00 00 00 00 00 00 00 00 00 18 18 18 18 00 00 00 00 00 00 00 00 00 00 00 00 00 00 00 00 | 0600-03: 00 00 00 00 | 1a64: 00 1700: 03
f00120 nm104 b110 tr273 ti0 se0 init0 fd001 fdd90 e018010=0 d=0600 pc1st=018010 pcLast=018013 | 0100: 00 00 00 00 00 00 00 00 00 00 00 00 18 18 18 18 00 00 00 00 00 00 00 00 00 00 00 00 00 00 00 00 | 0600-03: 00 00 00 00 | 1a64: 00 1700: 03
f00121 nm104 b110 tr273 ti0 se0 init0 fd001 fdd90 e018010=0 d=0600 pc1st=018010 pcLast=018013 | 0100: 00 00 00 00 00 00 00 00 00 00 00 00 18 18 18 18 00 00 00 00 00 00 00 00 00 00 00 00 00 00 00 00 | 0600-03: 00 00 00 00 | 1a64: 00 1700: 03
f00122 nm104 b110 tr273 ti0 se0 init0 fd001 fdd90 e018010=0 d=0600 pc1st=018010 pcLast=018013 | 0100: 00 00 00 00 00 00 00 00 00 00 00 00 18 18 18 18 00 00 00 00 00 00 00 00 00 00 00 00 00 00 00 00 | 0600-03: 00 00 00 00 | 1a64: 00 1700: 03
f00123 nm104 b110 tr273 ti0 se0 init0 fd001 fdd90 e018010=0 d=0600 pc1st=018010 pcLast=018013 | 0100: 00 00 00 00 00 00 00 00 00 00 00 00 18 18 18 18 00 00 00 00 00 00 00 00 00 00 00 00 00 00 00 00 | 0600-03: 00 00 00 00 | 1a64: 00 1700: 03
f00124 nm104 b110 tr273 ti0 se0 init0 fd001 fdd90 e018010=0 d=0600 pc1st=018010 pcLast=018013 | 0100: 00 00 00 00 00 00 00 00 00 00 00 00 18 18 18 18 00 00 00 00 00 00 00 00 00 00 00 00 00 00 00 00 | 0600-03: 00 00 00 00 | 1a64: 00 1700: 03
f00125 nm104 b110 tr273 ti0 se0 init0 fd001 fdd90 e018010=0 d=0600 pc1st=018010 pcLast=018013 | 0100: 00 00 00 00 00 00 00 00 00 00 00 00 18 18 18 18 00 00 00 00 00 00 00 00 00 00 00 00 00 00 00 00 | 0600-03: 00 00 00 00 | 1a64: 00 1700: 03
f00126 nm104 b110 tr273 ti0 se0 init0 fd001 fdd90 e018010=0 d=0600 pc1st=018010 pcLast=018013 | 0100: 00 00 00 00 00 00 00 00 00 00 00 00 18 18 18 18 00 00 00 00 00 00 00 00 00 00 00 00 00 00 00 00 | 0600-03: 00 00 00 00 | 1a64: 00 1700: 03
f00127 nm104 b110 tr273 ti0 se0 init0 fd001 fdd90 e018010=0 d=0600 pc1st=018010 pcLast=018013 | 0100: 00 00 00 00 00 00 00 00 00 00 00 00 18 18 18 18 00 00 00 00 00 00 00 00 00 00 00 00 00 00 00 00 | 0600-03: 00 00 00 00 | 1a64: 00 1700: 03
f00128 nm104 b110 tr273 ti0 se0 init0 fd001 fdd90 e018010=0 d=0600 pc1st=018010 pcLast=018013 | 0100: 00 00 00 00 00 00 00 00 00 00 00 00 18 18 18 18 00 00 00 00 00 00 00 00 00 00 00 00 00 00 00 00 | 0600-03: 00 00 00 00 | 1a64: 00 1700: 03
f00129 nm104 b110 tr273 ti6 se0 init0 fd001 fdd90 e018010=0 d=0600 pc1st=018010 pcLast=018013 | 0100: 00 00 00 00 00 00 00 00 00 00 00 00 18 18 18 18 00 00 00 00 00 00 00 00 00 00 00 00 00 00 00 00 | 0600-03: 00 00 00 00 | 1a64: 00 1700: 03
f00130 nm104 b110 tr273 ti7 se0 init0 fd001 fdd90 e018010=0 d=0600 pc1st=018010 pcLast=018013 | 0100: 00 00 00 00 00 00 00 00 00 00 00 00 18 18 18 18 00 00 00 00 00 00 00 00 00 00 00 00 00 00 00 00 | 0600-03: 00 00 00 00 | 1a64: 00 1700: 03
f00131 nm104 b110 tr273 ti7 se0 init0 fd001 fdd90 e018010=0 d=0600 pc1st=018010 pcLast=018013 | 0100: 00 00 00 00 00 00 00 00 00 00 00 00 18 18 18 18 00 00 00 00 00 00 00 00 00 00 00 00 00 00 00 00 | 0600-03: 00 00 00 00 | 1a64: 00 1700: 03
f00132 nm104 b110 tr273 ti7 se0 init0 fd001 fdd90 e018010=0 d=0600 pc1st=018010 pcLast=018013 | 0100: 00 00 00 00 00 00 00 00 00 00 00 00 18 18 18 18 00 00 00 00 00 00 00 00 00 00 00 00 00 00 00 00 | 0600-03: 00 00 00 00 | 1a64: 00 1700: 03
f00133 nm104 b110 tr273 ti7 se0 init0 fd001 fdd90 e018010=0 d=0600 pc1st=018010 pcLast=018013 | 0100: 00 00 00 00 00 00 00 00 00 00 00 00 18 18 18 18 00 00 00 00 00 00 00 00 00 00 00 00 00 00 00 00 | 0600-03: 00 00 00 00 | 1a64: 00 1700: 03
f00134 nm104 b110 tr273 ti7 se0 init0 fd001 fdd90 e018010=0 d=0600 pc1st=018010 pcLast=018013 | 0100: 00 00 00 00 00 00 00 00 00 00 00 00 18 18 18 18 00 00 00 00 00 00 00 00 00 00 00 00 00 00 00 00 | 0600-03: 00 00 00 00 | 1a64: 00 1700: 03
f00135 nm104 b110 tr273 ti7 se0 init0 fd001 fdd90 e018010=0 d=0600 pc1st=018010 pcLast=018013 | 0100: 00 00 00 00 00 00 00 00 00 00 00 00 18 18 18 18 00 00 00 00 00 00 00 00 00 00 00 00 00 00 00 00 | 0600-03: 00 00 00 00 | 1a64: 00 1700: 03
f00136 nm104 b110 tr273 ti7 se0 init0 fd001 fdd90 e018010=0 d=0600 pc1st=018010 pcLast=018013 | 0100: 00 00 00 00 00 00 00 00 00 00 00 00 18 18 18 18 00 00 00 00 00 00 00 00 00 00 00 00 00 00 00 00 | 0600-03: 00 00 00 00 | 1a64: 00 1700: 03
f00137 nm104 b110 tr273 ti7 se0 init0 fd001 fdd90 e018010=0 d=0600 pc1st=018010 pcLast=018013 | 0100: 00 00 00 00 00 00 00 00 00 00 00 00 18 18 18 18 00 00 00 00 00 00 00 00 00 00 00 00 00 00 00 00 | 0600-03: 00 00 00 00 | 1a64: 00 1700: 03
f00138 nm104 b110 tr273 ti7 se0 init0 fd001 fdd90 e018010=0 d=0600 pc1st=018010 pcLast=018013 | 0100: 00 00 00 00 00 00 00 00 00 00 00 00 18 18 18 18 00 00 00 00 00 00 00 00 00 00 00 00 00 00 00 00 | 0600-03: 00 00 00 00 | 1a64: 00 1700: 03
f00139 nm104 b110 tr273 ti7 se0 init0 fd001 fdd90 e018010=0 d=0600 pc1st=018010 pcLast=018013 | 0100: 00 00 00 00 00 00 00 00 00 00 00 00 18 18 18 18 00 00 00 00 00 00 00 00 00 00 00 00 00 00 00 00 | 0600-03: 00 00 00 00 | 1a64: 00 1700: 03
f00140 nm104 b110 tr273 ti7 se0 init0 fd001 fdd90 e018010=0 d=0600 pc1st=018010 pcLast=018013 | 0100: 00 00 00 00 00 00 00 00 00 00 00 00 18 18 18 18 00 00 00 00 00 00 00 00 00 00 00 00 00 00 00 00 | 0600-03: 00 00 00 00 | 1a64: 00 1700: 03
f00141 nm104 b110 tr273 ti7 se0 init0 fd001 fdd90 e018010=0 d=0600 pc1st=018010 pcLast=018013 | 0100: 00 00 00 00 00 00 00 00 00 00 00 00 18 18 18 18 00 00 00 00 00 00 00 00 00 00 00 00 00 00 00 00 | 0600-03: 00 00 00 00 | 1a64: 00 1700: 03
f00142 nm104 b110 tr273 ti7 se0 init0 fd001 fdd90 e018010=0 d=0600 pc1st=018010 pcLast=018013 | 0100: 00 00 00 00 00 00 00 00 00 00 00 00 18 18 18 18 00 00 00 00 00 00 00 00 00 00 00 00 00 00 00 00 | 0600-03: 00 00 00 00 | 1a64: 00 1700: 03
f00143 nm104 b110 tr273 ti7 se0 init0 fd001 fdd90 e018010=0 d=0600 pc1st=018010 pcLast=018013 | 0100: 00 00 00 00 00 00 00 00 00 00 00 00 18 18 18 18 00 00 00 00 00 00 00 00 00 00 00 00 00 00 00 00 | 0600-03: 00 00 00 00 | 1a64: 00 1700: 03
f00144 nm104 b110 tr273 ti7 se0 init0 fd001 fdd90 e018010=0 d=0600 pc1st=018010 pcLast=018013 | 0100: 00 00 00 00 00 00 00 00 00 00 00 00 18 18 18 18 00 00 00 00 00 00 00 00 00 00 00 00 00 00 00 00 | 0600-03: 00 00 00 00 | 1a64: 00 1700: 03
f00145 nm104 b110 tr273 ti7 se0 init0 fd001 fdd90 e018010=0 d=0600 pc1st=018010 pcLast=018013 | 0100: 00 00 00 00 00 00 00 00 00 00 00 00 18 18 18 18 00 00 00 00 00 00 00 00 00 00 00 00 00 00 00 00 | 0600-03: 00 00 00 00 | 1a64: 00 1700: 03
f00146 nm104 b110 tr273 ti7 se0 init0 fd001 fdd90 e018010=0 d=0600 pc1st=018010 pcLast=018013 | 0100: 00 00 00 00 00 00 00 00 00 00 00 00 18 18 18 18 00 00 00 00 00 00 00 00 00 00 00 00 00 00 00 00 | 0600-03: 00 00 00 00 | 1a64: 00 1700: 03
f00147 nm104 b110 tr273 ti7 se0 init0 fd001 fdd90 e018010=0 d=0600 pc1st=018010 pcLast=018013 | 0100: 00 00 00 00 00 00 00 00 00 00 00 00 18 18 18 18 00 00 00 00 00 00 00 00 00 00 00 00 00 00 00 00 | 0600-03: 00 00 00 00 | 1a64: 00 1700: 03
f00148 nm104 b110 tr273 ti7 se0 init0 fd001 fdd90 e018010=0 d=0600 pc1st=018010 pcLast=018013 | 0100: 00 00 00 00 00 00 00 00 00 00 00 00 18 18 18 18 00 00 00 00 00 00 00 00 00 00 00 00 00 00 00 00 | 0600-03: 00 00 00 00 | 1a64: 00 1700: 03
f00149 nm104 b110 tr273 ti7 se0 init0 fd001 fdd90 e018010=0 d=0600 pc1st=018010 pcLast=018013 | 0100: 00 00 00 00 00 00 00 00 00 00 00 00 18 18 18 18 00 00 00 00 00 00 00 00 00 00 00 00 00 00 00 00 | 0600-03: 00 00 00 00 | 1a64: 00 1700: 03
f00150 nm104 b110 tr273 ti7 se0 init0 fd001 fdd90 e018010=0 d=0600 pc1st=018010 pcLast=018013 | 0100: 00 00 00 00 00 00 00 00 00 00 00 00 18 18 18 18 00 00 00 00 00 00 00 00 00 00 00 00 00 00 00 00 | 0600-03: 00 00 00 00 | 1a64: 00 1700: 03
f00151 nm104 b110 tr273 ti7 se0 init0 fd001 fdd90 e018010=0 d=0600 pc1st=018010 pcLast=018013 | 0100: 00 00 00 00 00 00 00 00 00 00 00 00 18 18 18 18 00 00 00 00 00 00 00 00 00 00 00 00 00 00 00 00 | 0600-03: 00 00 00 00 | 1a64: 00 1700: 03
f00152 nm104 b110 tr273 ti7 se0 init0 fd001 fdd90 e018010=0 d=0600 pc1st=018010 pcLast=018013 | 0100: 00 00 00 00 00 00 00 00 00 00 00 00 18 18 18 18 00 00 00 00 00 00 00 00 00 00 00 00 00 00 00 00 | 0600-03: 00 00 00 00 | 1a64: 00 1700: 03
f00153 nm104 b110 tr273 ti7 se0 init0 fd001 fdd90 e018010=0 d=0600 pc1st=018010 pcLast=018013 | 0100: 00 00 00 00 00 00 00 00 00 00 00 00 18 18 18 18 00 00 00 00 00 00 00 00 00 00 00 00 00 00 00 00 | 0600-03: 00 00 00 00 | 1a64: 00 1700: 03
f00154 nm104 b110 tr273 ti7 se0 init0 fd001 fdd90 e018010=0 d=0600 pc1st=018010 pcLast=018013 | 0100: 00 00 00 00 00 00 00 00 00 00 00 00 18 18 18 18 00 00 00 00 00 00 00 00 00 00 00 00 00 00 00 00 | 0600-03: 00 00 00 00 | 1a64: 00 1700: 03
f00155 nm104 b110 tr273 ti7 se0 init0 fd001 fdd90 e018010=0 d=0600 pc1st=018010 pcLast=018013 | 0100: 00 00 00 00 00 00 00 00 00 00 00 00 18 18 18 18 00 00 00 00 00 00 00 00 00 00 00 00 00 00 00 00 | 0600-03: 00 00 00 00 | 1a64: 00 1700: 03
f00156 nm104 b110 tr273 ti7 se0 init0 fd001 fdd90 e018010=0 d=0600 pc1st=018010 pcLast=018013 | 0100: 00 00 00 00 00 00 00 00 00 00 00 00 18 18 18 18 00 00 00 00 00 00 00 00 00 00 00 00 00 00 00 00 | 0600-03: 00 00 00 00 | 1a64: 00 1700: 03
f00157 nm107 b110 tr273 ti7 se0 init0 fd001 fdd90 e018010=0 d=0600 pc1st=018010 pcLast=018013 | 0100: 00 00 00 00 00 00 00 00 00 00 00 00 18 18 18 18 00 00 00 00 00 00 00 00 00 00 00 00 00 00 00 00 | 0600-03: 00 00 00 00 | 1a64: 00 1700: 03
f00158 nm104 b110 tr273 ti7 se0 init0 fd001 fdd90 e018010=0 d=0600 pc1st=018010 pcLast=018013 | 0100: 00 00 00 00 00 00 00 00 00 00 00 00 18 18 18 18 00 00 00 00 00 00 00 00 00 00 00 00 00 00 00 00 | 0600-03: 00 00 00 00 | 1a64: 00 1700: 03
f00159 nm104 b110 tr273 ti7 se0 init0 fd001 fdd90 e018010=0 d=0600 pc1st=018010 pcLast=018013 | 0100: 00 00 00 00 00 00 00 00 00 00 00 00 18 18 18 18 00 00 00 00 00 00 00 00 00 00 00 00 00 00 00 00 | 0600-03: 00 00 00 00 | 1a64: 00 1700: 03
f00160 nm104 b110 tr273 ti7 se0 init0 fd001 fdd90 e018010=0 d=0600 pc1st=018010 pcLast=018013 | 0100: 00 00 00 00 00 00 00 00 00 00 00 00 18 18 18 18 00 00 00 00 00 00 00 00 00 00 00 00 00 00 00 00 | 0600-03: 00 00 00 00 | 1a64: 00 1700: 03
f00161 nm104 b110 tr273 ti7 se0 init0 fd001 fdd90 e018010=0 d=0600 pc1st=018010 pcLast=018013 | 0100: 00 00 00 00 00 00 00 00 00 00 00 00 18 18 18 18 00 00 00 00 00 00 00 00 00 00 00 00 00 00 00 00 | 0600-03: 00 00 00 00 | 1a64: 00 1700: 03
f00162 nm104 b110 tr273 ti7 se0 init0 fd001 fdd90 e018010=0 d=0600 pc1st=018010 pcLast=018013 | 0100: 00 00 00 00 00 00 00 00 00 00 00 00 18 18 18 18 00 00 00 00 00 00 00 00 00 00 00 00 00 00 00 00 | 0600-03: 00 00 00 00 | 1a64: 00 1700: 03
f00163 nm104 b110 tr273 ti7 se0 init0 fd001 fdd90 e018010=0 d=0600 pc1st=018010 pcLast=018013 | 0100: 00 00 00 00 00 00 00 00 00 00 00 00 18 18 18 18 00 00 00 00 00 00 00 00 00 00 00 00 00 00 00 00 | 0600-03: 00 00 00 00 | 1a64: 00 1700: 03
f00164 nm104 b110 tr273 ti7 se0 init0 fd001 fdd90 e018010=0 d=0600 pc1st=018010 pcLast=018013 | 0100: 00 00 00 00 00 00 00 00 00 00 00 00 18 18 18 18 00 00 00 00 00 00 00 00 00 00 00 00 00 00 00 00 | 0600-03: 00 00 00 00 | 1a64: 00 1700: 03
f00165 nm104 b110 tr273 ti7 se0 init0 fd001 fdd90 e018010=0 d=0600 pc1st=018010 pcLast=018013 | 0100: 00 00 00 00 00 00 00 00 00 00 00 00 18 18 18 18 00 00 00 00 00 00 00 00 00 00 00 00 00 00 00 00 | 0600-03: 00 00 00 00 | 1a64: 00 1700: 03
f00166 nm104 b110 tr273 ti7 se0 init0 fd001 fdd90 e018010=0 d=0600 pc1st=018010 pcLast=018013 | 0100: 00 00 00 00 00 00 00 00 00 00 00 00 18 18 18 18 00 00 00 00 00 00 00 00 00 00 00 00 00 00 00 00 | 0600-03: 00 00 00 00 | 1a64: 00 1700: 03
f00167 nm104 b110 tr273 ti7 se0 init0 fd001 fdd90 e018010=0 d=0600 pc1st=018010 pcLast=018013 | 0100: 00 00 00 00 00 00 00 00 00 00 00 00 18 18 18 18 00 00 00 00 00 00 00 00 00 00 00 00 00 00 00 00 | 0600-03: 00 00 00 00 | 1a64: 00 1700: 03
f00168 nm104 b110 tr273 ti7 se0 init0 fd001 fdd90 e018010=0 d=0600 pc1st=018010 pcLast=018013 | 0100: 00 00 00 00 00 00 00 00 00 00 00 00 18 18 18 18 00 00 00 00 00 00 00 00 00 00 00 00 00 00 00 00 | 0600-03: 00 00 00 00 | 1a64: 00 1700: 03
f00169 nm104 b110 tr273 ti7 se0 init0 fd001 fdd90 e018010=0 d=0600 pc1st=018010 pcLast=018013 | 0100: 00 00 00 00 00 00 00 00 00 00 00 00 18 18 18 18 00 00 00 00 00 00 00 00 00 00 00 00 00 00 00 00 | 0600-03: 00 00 00 00 | 1a64: 00 1700: 03
f00170 nm104 b110 tr273 ti7 se0 init0 fd001 fdd90 e018010=0 d=0600 pc1st=018010 pcLast=018013 | 0100: 00 00 00 00 00 00 00 00 00 00 00 00 18 18 18 18 00 00 00 00 00 00 00 00 00 00 00 00 00 00 00 00 | 0600-03: 00 00 00 00 | 1a64: 00 1700: 03
f00171 nm104 b110 tr273 ti7 se0 init0 fd001 fdd90 e018010=0 d=0600 pc1st=018010 pcLast=018013 | 0100: 00 00 00 00 00 00 00 00 00 00 00 00 18 18 18 18 00 00 00 00 00 00 00 00 00 00 00 00 00 00 00 00 | 0600-03: 00 00 00 00 | 1a64: 00 1700: 03
f00172 nm104 b110 tr273 ti7 se0 init0 fd001 fdd90 e018010=0 d=0600 pc1st=018010 pcLast=018013 | 0100: 00 00 00 00 00 00 00 00 00 00 00 00 18 18 18 18 00 00 00 00 00 00 00 00 00 00 00 00 00 00 00 00 | 0600-03: 00 00 00 00 | 1a64: 00 1700: 03
f00173 nm104 b110 tr273 ti7 se0 init0 fd001 fdd90 e018010=0 d=0600 pc1st=018010 pcLast=018013 | 0100: 00 00 00 00 00 00 00 00 00 00 00 00 18 18 18 18 00 00 00 00 00 00 00 00 00 00 00 00 00 00 00 00 | 0600-03: 00 00 00 00 | 1a64: 00 1700: 03
f00174 nm104 b110 tr273 ti7 se0 init0 fd001 fdd90 e018010=0 d=0600 pc1st=018010 pcLast=018013 | 0100: 00 00 00 00 00 00 00 00 00 00 00 00 18 18 18 18 00 00 00 00 00 00 00 00 00 00 00 00 00 00 00 00 | 0600-03: 00 00 00 00 | 1a64: 00 1700: 03
f00175 nm104 b110 tr273 ti7 se0 init0 fd001 fdd90 e018010=0 d=0600 pc1st=018010 pcLast=018013 | 0100: 00 00 00 00 00 00 00 00 00 00 00 00 18 18 18 18 00 00 00 00 00 00 00 00 00 00 00 00 00 00 00 00 | 0600-03: 00 00 00 00 | 1a64: 00 1700: 03
f00176 nm104 b110 tr273 ti7 se0 init0 fd001 fdd90 e018010=0 d=0600 pc1st=018010 pcLast=018013 | 0100: 00 00 00 00 00 00 00 00 00 00 00 00 18 18 18 18 00 00 00 00 00 00 00 00 00 00 00 00 00 00 00 00 | 0600-03: 00 00 00 00 | 1a64: 00 1700: 03
f00177 nm104 b110 tr273 ti7 se0 init0 fd001 fdd90 e018010=0 d=0600 pc1st=018010 pcLast=018013 | 0100: 00 00 00 00 00 00 00 00 00 00 00 00 18 18 18 18 00 00 00 00 00 00 00 00 00 00 00 00 00 00 00 00 | 0600-03: 00 00 00 00 | 1a64: 00 1700: 03
f00178 nm104 b110 tr273 ti7 se0 init0 fd001 fdd90 e018010=0 d=0600 pc1st=018010 pcLast=018013 | 0100: 00 00 00 00 00 00 00 00 00 00 00 00 18 18 18 18 00 00 00 00 00 00 00 00 00 00 00 00 00 00 00 00 | 0600-03: 00 00 00 00 | 1a64: 00 1700: 03
f00179 nm104 b110 tr273 ti7 se0 init0 fd001 fdd90 e018010=0 d=0600 pc1st=018010 pcLast=018013 | 0100: 00 00 00 00 00 00 00 00 00 00 00 00 18 18 18 18 00 00 00 00 00 00 00 00 00 00 00 00 00 00 00 00 | 0600-03: 00 00 00 00 | 1a64: 00 1700: 03
f00180 nm104 b110 tr273 ti7 se0 init0 fd001 fdd90 e018010=0 d=0600 pc1st=018010 pcLast=018013 | 0100: 00 00 00 00 00 00 00 00 00 00 00 00 18 18 18 18 00 00 00 00 00 00 00 00 00 00 00 00 00 00 00 00 | 0600-03: 00 00 00 00 | 1a64: 00 1700: 03
f00181 nm104 b110 tr273 ti7 se0 init0 fd001 fdd90 e018010=0 d=0600 pc1st=018010 pcLast=018013 | 0100: 00 00 00 00 00 00 00 00 00 00 00 00 18 18 18 18 00 00 00 00 00 00 00 00 00 00 00 00 00 00 00 00 | 0600-03: 00 00 00 00 | 1a64: 00 1700: 03
f00182 nm104 b110 tr273 ti7 se0 init0 fd001 fdd90 e018010=0 d=0600 pc1st=018010 pcLast=018013 | 0100: 00 00 00 00 00 00 00 00 00 00 00 00 18 18 18 18 00 00 00 00 00 00 00 00 00 00 00 00 00 00 00 00 | 0600-03: 00 00 00 00 | 1a64: 00 1700: 03
f00183 nm104 b110 tr273 ti7 se0 init0 fd001 fdd90 e018010=0 d=0600 pc1st=018010 pcLast=018013 | 0100: 00 00 00 00 00 00 00 00 00 00 00 00 18 18 18 18 00 00 00 00 00 00 00 00 00 00 00 00 00 00 00 00 | 0600-03: 00 00 00 00 | 1a64: 00 1700: 03
f00184 nm104 b110 tr273 ti7 se0 init0 fd001 fdd90 e018010=0 d=0600 pc1st=018010 pcLast=018013 | 0100: 00 00 00 00 00 00 00 00 00 00 00 00 18 18 18 18 00 00 00 00 00 00 00 00 00 00 00 00 00 00 00 00 | 0600-03: 00 00 00 00 | 1a64: 00 1700: 03
f00185 nm104 b110 tr273 ti7 se0 init0 fd001 fdd90 e018010=0 d=0600 pc1st=018010 pcLast=018013 | 0100: 00 00 00 00 00 00 00 00 00 00 00 00 18 18 18 18 00 00 00 00 00 00 00 00 00 00 00 00 00 00 00 00 | 0600-03: 00 00 00 00 | 1a64: 00 1700: 03
f00186 nm104 b110 tr273 ti7 se0 init0 fd001 fdd90 e018010=0 d=0600 pc1st=018010 pcLast=018013 | 0100: 00 00 00 00 00 00 00 00 00 00 00 00 18 18 18 18 00 00 00 00 00 00 00 00 00 00 00 00 00 00 00 00 | 0600-03: 00 00 00 00 | 1a64: 00 1700: 03
f00187 nm104 b110 tr273 ti7 se0 init0 fd001 fdd90 e018010=0 d=0600 pc1st=018010 pcLast=018013 | 0100: 00 00 00 00 00 00 00 00 00 00 00 00 18 18 18 18 00 00 00 00 00 00 00 00 00 00 00 00 00 00 00 00 | 0600-03: 00 00 00 00 | 1a64: 00 1700: 03
f00188 nm104 b110 tr273 ti7 se0 init0 fd001 fdd90 e018010=0 d=0600 pc1st=018010 pcLast=018013 | 0100: 00 00 00 00 00 00 00 00 00 00 00 00 18 18 18 18 00 00 00 00 00 00 00 00 00 00 00 00 00 00 00 00 | 0600-03: 00 00 00 00 | 1a64: 00 1700: 03
f00189 nm104 b110 tr273 ti7 se0 init0 fd001 fdd90 e018010=0 d=0600 pc1st=018010 pcLast=018013 | 0100: 00 00 00 00 00 00 00 00 00 00 00 00 18 18 18 18 00 00 00 00 00 00 00 00 00 00 00 00 00 00 00 00 | 0600-03: 00 00 00 00 | 1a64: 00 1700: 03
f00190 nm104 b110 tr273 ti7 se0 init0 fd001 fdd90 e018010=0 d=0600 pc1st=018010 pcLast=018013 | 0100: 00 00 00 00 00 00 00 00 00 00 00 00 18 18 18 18 00 00 00 00 00 00 00 00 00 00 00 00 00 00 00 00 | 0600-03: 00 00 00 00 | 1a64: 00 1700: 03
f00191 nm104 b110 tr273 ti7 se0 init0 fd001 fdd90 e018010=0 d=0600 pc1st=018010 pcLast=018013 | 0100: 00 00 00 00 00 00 00 00 00 00 00 00 18 18 18 18 00 00 00 00 00 00 00 00 00 00 00 00 00 00 00 00 | 0600-03: 00 00 00 00 | 1a64: 00 1700: 03
f00192 nm104 b110 tr273 ti7 se0 init0 fd001 fdd90 e018010=0 d=0600 pc1st=018010 pcLast=018013 | 0100: 00 00 00 00 00 00 00 00 00 00 00 00 18 18 18 18 00 00 00 00 00 00 00 00 00 00 00 00 00 00 00 00 | 0600-03: 00 00 00 00 | 1a64: 00 1700: 03
f00193 nm104 b110 tr273 ti7 se0 init0 fd001 fdd90 e018010=0 d=0600 pc1st=018010 pcLast=018013 | 0100: 00 00 00 00 00 00 00 00 00 00 00 00 18 18 18 18 00 00 00 00 00 00 00 00 00 00 00 00 00 00 00 00 | 0600-03: 00 00 00 00 | 1a64: 00 1700: 03
f00194 nm104 b110 tr273 ti7 se0 init0 fd001 fdd90 e018010=0 d=0600 pc1st=018010 pcLast=018013 | 0100: 00 00 00 00 00 00 00 00 00 00 00 00 18 18 18 18 00 00 00 00 00 00 00 00 00 00 00 00 00 00 00 00 | 0600-03: 00 00 00 00 | 1a64: 00 1700: 03
f00195 nm104 b110 tr273 ti7 se0 init0 fd001 fdd90 e018010=0 d=0600 pc1st=018010 pcLast=018013 | 0100: 00 00 00 00 00 00 00 00 00 00 00 00 18 18 18 18 00 00 00 00 00 00 00 00 00 00 00 00 00 00 00 00 | 0600-03: 00 00 00 00 | 1a64: 00 1700: 03
f00196 nm104 b110 tr273 ti7 se0 init0 fd001 fdd90 e018010=0 d=0600 pc1st=018010 pcLast=018013 | 0100: 00 00 00 00 00 00 00 00 00 00 00 00 18 18 18 18 00 00 00 00 00 00 00 00 00 00 00 00 00 00 00 00 | 0600-03: 00 00 00 00 | 1a64: 00 1700: 03
f00197 nm104 b110 tr273 ti7 se0 init0 fd001 fdd90 e018010=0 d=0600 pc1st=018010 pcLast=018013 | 0100: 00 00 00 00 00 00 00 00 00 00 00 00 18 18 18 18 00 00 00 00 00 00 00 00 00 00 00 00 00 00 00 00 | 0600-03: 00 00 00 00 | 1a64: 00 1700: 03
f00198 nm104 b110 tr273 ti7 se0 init0 fd001 fdd90 e018010=0 d=0600 pc1st=018010 pcLast=018013 | 0100: 00 00 00 00 00 00 00 00 00 00 00 00 18 18 18 18 00 00 00 00 00 00 00 00 00 00 00 00 00 00 00 00 | 0600-03: 00 00 00 00 | 1a64: 00 1700: 03
f00199 nm104 b110 tr273 ti7 se0 init0 fd001 fdd90 e018010=0 d=0600 pc1st=018010 pcLast=018013 | 0100: 00 00 00 00 00 00 00 00 00 00 00 00 18 18 18 18 00 00 00 00 00 00 00 00 00 00 00 00 00 00 00 00 | 0600-03: 00 00 00 00 | 1a64: 00 1700: 03
f00200 nm104 b110 tr273 ti7 se0 init0 fd001 fdd90 e018010=0 d=0600 pc1st=018010 pcLast=018013 | 0100: 00 00 00 00 00 00 00 00 00 00 00 00 18 18 18 18 00 00 00 00 00 00 00 00 00 00 00 00 00 00 00 00 | 0600-03: 00 00 00 00 | 1a64: 00 1700: 03
f00201 nm104 b110 tr273 ti7 se0 init0 fd001 fdd90 e018010=0 d=0600 pc1st=018010 pcLast=018013 | 0100: 00 00 00 00 00 00 00 00 00 00 00 00 18 18 18 18 00 00 00 00 00 00 00 00 00 00 00 00 00 00 00 00 | 0600-03: 00 00 00 00 | 1a64: 00 1700: 03
f00202 nm104 b110 tr273 ti7 se0 init0 fd001 fdd90 e018010=0 d=0600 pc1st=018010 pcLast=018013 | 0100: 00 00 00 00 00 00 00 00 00 00 00 00 18 18 18 18 00 00 00 00 00 00 00 00 00 00 00 00 00 00 00 00 | 0600-03: 00 00 00 00 | 1a64: 00 1700: 03
f00203 nm104 b110 tr273 ti7 se0 init0 fd001 fdd90 e018010=0 d=0600 pc1st=018010 pcLast=018013 | 0100: 00 00 00 00 00 00 00 00 00 00 00 00 18 18 18 18 00 00 00 00 00 00 00 00 00 00 00 00 00 00 00 00 | 0600-03: 00 00 00 00 | 1a64: 00 1700: 03
f00204 nm104 b110 tr273 ti7 se0 init0 fd001 fdd90 e018010=0 d=0600 pc1st=018010 pcLast=018013 | 0100: 00 00 00 00 00 00 00 00 00 00 00 00 18 18 18 18 00 00 00 00 00 00 00 00 00 00 00 00 00 00 00 00 | 0600-03: 00 00 00 00 | 1a64: 00 1700: 03
f00205 nm104 b110 tr273 ti7 se0 init0 fd001 fdd90 e018010=0 d=0600 pc1st=018010 pcLast=018013 | 0100: 00 00 00 00 00 00 00 00 00 00 00 00 18 18 18 18 00 00 00 00 00 00 00 00 00 00 00 00 00 00 00 00 | 0600-03: 00 00 00 00 | 1a64: 00 1700: 03
f00206 nm104 b110 tr273 ti7 se0 init0 fd001 fdd90 e018010=0 d=0600 pc1st=018010 pcLast=018013 | 0100: 00 00 00 00 00 00 00 00 00 00 00 00 18 18 18 18 00 00 00 00 00 00 00 00 00 00 00 00 00 00 00 00 | 0600-03: 00 00 00 00 | 1a64: 00 1700: 03
f00207 nm104 b110 tr273 ti7 se0 init0 fd001 fdd90 e018010=0 d=0600 pc1st=018010 pcLast=018013 | 0100: 00 00 00 00 00 00 00 00 00 00 00 00 18 18 18 18 00 00 00 00 00 00 00 00 00 00 00 00 00 00 00 00 | 0600-03: 00 00 00 00 | 1a64: 00 1700: 03
f00208 nm104 b110 tr273 ti7 se0 init0 fd001 fdd90 e018010=0 d=0600 pc1st=018010 pcLast=018013 | 0100: 00 00 00 00 00 00 00 00 00 00 00 00 18 18 18 18 00 00 00 00 00 00 00 00 00 00 00 00 00 00 00 00 | 0600-03: 00 00 00 00 | 1a64: 00 1700: 03
f00209 nm104 b110 tr273 ti7 se0 init0 fd001 fdd90 e018010=0 d=0600 pc1st=018010 pcLast=018013 | 0100: 00 00 00 00 00 00 00 00 00 00 00 00 18 18 18 18 00 00 00 00 00 00 00 00 00 00 00 00 00 00 00 00 | 0600-03: 00 00 00 00 | 1a64: 00 1700: 03
f00210 nm104 b110 tr273 ti7 se0 init0 fd001 fdd90 e018010=0 d=0600 pc1st=018010 pcLast=018013 | 0100: 00 00 00 00 00 00 00 00 00 00 00 00 18 18 18 18 00 00 00 00 00 00 00 00 00 00 00 00 00 00 00 00 | 0600-03: 00 00 00 00 | 1a64: 00 1700: 03
f00211 nm104 b110 tr273 ti7 se0 init0 fd001 fdd90 e018010=0 d=0600 pc1st=018010 pcLast=018013 | 0100: 00 00 00 00 00 00 00 00 00 00 00 00 18 18 18 18 00 00 00 00 00 00 00 00 00 00 00 00 00 00 00 00 | 0600-03: 00 00 00 00 | 1a64: 00 1700: 03
f00212 nm104 b110 tr273 ti7 se0 init0 fd001 fdd90 e018010=0 d=0600 pc1st=018010 pcLast=018013 | 0100: 00 00 00 00 00 00 00 00 00 00 00 00 18 18 18 18 00 00 00 00 00 00 00 00 00 00 00 00 00 00 00 00 | 0600-03: 00 00 00 00 | 1a64: 00 1700: 03
f00213 nm104 b110 tr273 ti7 se0 init0 fd001 fdd90 e018010=0 d=0600 pc1st=018010 pcLast=018013 | 0100: 00 00 00 00 00 00 00 00 00 00 00 00 18 18 18 18 00 00 00 00 00 00 00 00 00 00 00 00 00 00 00 00 | 0600-03: 00 00 00 00 | 1a64: 00 1700: 03
f00214 nm104 b110 tr273 ti7 se0 init0 fd001 fdd90 e018010=0 d=0600 pc1st=018010 pcLast=018013 | 0100: 00 00 00 00 00 00 00 00 00 00 00 00 18 18 18 18 00 00 00 00 00 00 00 00 00 00 00 00 00 00 00 00 | 0600-03: 00 00 00 00 | 1a64: 00 1700: 03
f00215 nm104 b110 tr273 ti7 se0 init0 fd001 fdd90 e018010=0 d=0600 pc1st=018010 pcLast=018013 | 0100: 00 00 00 00 00 00 00 00 00 00 00 00 18 18 18 18 00 00 00 00 00 00 00 00 00 00 00 00 00 00 00 00 | 0600-03: 00 00 00 00 | 1a64: 00 1700: 03
f00216 nm104 b110 tr273 ti7 se0 init0 fd001 fdd90 e018010=0 d=0600 pc1st=018010 pcLast=018013 | 0100: 00 00 00 00 00 00 00 00 00 00 00 00 18 18 18 18 00 00 00 00 00 00 00 00 00 00 00 00 00 00 00 00 | 0600-03: 00 00 00 00 | 1a64: 00 1700: 03
f00217 nm107 b110 tr273 ti7 se0 init0 fd001 fdd90 e018010=0 d=0600 pc1st=018010 pcLast=018013 | 0100: 00 00 00 00 00 00 00 00 00 00 00 00 18 18 18 18 00 00 00 00 00 00 00 00 00 00 00 00 00 00 00 00 | 0600-03: 00 00 00 00 | 1a64: 00 1700: 03
f00218 nm104 b110 tr273 ti7 se0 init0 fd001 fdd90 e018010=0 d=0600 pc1st=018010 pcLast=018013 | 0100: 00 00 00 00 00 00 00 00 00 00 00 00 18 18 18 18 00 00 00 00 00 00 00 00 00 00 00 00 00 00 00 00 | 0600-03: 00 00 00 00 | 1a64: 00 1700: 03
f00219 nm104 b110 tr273 ti7 se0 init0 fd001 fdd90 e018010=0 d=0600 pc1st=018010 pcLast=018013 | 0100: 00 00 00 00 00 00 00 00 00 00 00 00 18 18 18 18 00 00 00 00 00 00 00 00 00 00 00 00 00 00 00 00 | 0600-03: 00 00 00 00 | 1a64: 00 1700: 03
f00220 nm104 b110 tr273 ti7 se0 init0 fd001 fdd90 e018010=0 d=0600 pc1st=018010 pcLast=018013 | 0100: 00 00 00 00 00 00 00 00 00 00 00 00 18 18 18 18 00 00 00 00 00 00 00 00 00 00 00 00 00 00 00 00 | 0600-03: 00 00 00 00 | 1a64: 00 1700: 03
f00221 nm104 b110 tr273 ti7 se0 init0 fd001 fdd90 e018010=0 d=0600 pc1st=018010 pcLast=018013 | 0100: 00 00 00 00 00 00 00 00 00 00 00 00 18 18 18 18 00 00 00 00 00 00 00 00 00 00 00 00 00 00 00 00 | 0600-03: 00 00 00 00 | 1a64: 00 1700: 03
f00222 nm104 b110 tr273 ti7 se0 init0 fd001 fdd90 e018010=0 d=0600 pc1st=018010 pcLast=018013 | 0100: 00 00 00 00 00 00 00 00 00 00 00 00 18 18 18 18 00 00 00 00 00 00 00 00 00 00 00 00 00 00 00 00 | 0600-03: 00 00 00 00 | 1a64: 00 1700: 03
f00223 nm104 b110 tr273 ti7 se0 init0 fd001 fdd90 e018010=0 d=0600 pc1st=018010 pcLast=018013 | 0100: 00 00 00 00 00 00 00 00 00 00 00 00 18 18 18 18 00 00 00 00 00 00 00 00 00 00 00 00 00 00 00 00 | 0600-03: 00 00 00 00 | 1a64: 00 1700: 03
f00224 nm104 b110 tr273 ti7 se0 init0 fd001 fdd90 e018010=0 d=0600 pc1st=018010 pcLast=018013 | 0100: 00 00 00 00 00 00 00 00 00 00 00 00 18 18 18 18 00 00 00 00 00 00 00 00 00 00 00 00 00 00 00 00 | 0600-03: 00 00 00 00 | 1a64: 00 1700: 03
f00225 nm104 b110 tr273 ti7 se0 init0 fd001 fdd90 e018010=0 d=0600 pc1st=018010 pcLast=018013 | 0100: 00 00 00 00 00 00 00 00 00 00 00 00 18 18 18 18 00 00 00 00 00 00 00 00 00 00 00 00 00 00 00 00 | 0600-03: 00 00 00 00 | 1a64: 00 1700: 03
f00226 nm104 b110 tr273 ti7 se0 init0 fd001 fdd90 e018010=0 d=0600 pc1st=018010 pcLast=018013 | 0100: 00 00 00 00 00 00 00 00 00 00 00 00 18 18 18 18 00 00 00 00 00 00 00 00 00 00 00 00 00 00 00 00 | 0600-03: 00 00 00 00 | 1a64: 00 1700: 03
f00227 nm104 b110 tr273 ti7 se0 init0 fd001 fdd90 e018010=0 d=0600 pc1st=018010 pcLast=018013 | 0100: 00 00 00 00 00 00 00 00 00 00 00 00 18 18 18 18 00 00 00 00 00 00 00 00 00 00 00 00 00 00 00 00 | 0600-03: 00 00 00 00 | 1a64: 00 1700: 03
f00228 nm104 b110 tr273 ti7 se0 init0 fd001 fdd90 e018010=0 d=0600 pc1st=018010 pcLast=018013 | 0100: 00 00 00 00 00 00 00 00 00 00 00 00 18 18 18 18 00 00 00 00 00 00 00 00 00 00 00 00 00 00 00 00 | 0600-03: 00 00 00 00 | 1a64: 00 1700: 03
f00229 nm104 b110 tr273 ti7 se0 init0 fd001 fdd90 e018010=0 d=0600 pc1st=018010 pcLast=018013 | 0100: 00 00 00 00 00 00 00 00 00 00 00 00 18 18 18 18 00 00 00 00 00 00 00 00 00 00 00 00 00 00 00 00 | 0600-03: 00 00 00 00 | 1a64: 00 1700: 03
f00230 nm104 b110 tr273 ti7 se0 init0 fd001 fdd90 e018010=0 d=0600 pc1st=018010 pcLast=018013 | 0100: 00 00 00 00 00 00 00 00 00 00 00 00 18 18 18 18 00 00 00 00 00 00 00 00 00 00 00 00 00 00 00 00 | 0600-03: 00 00 00 00 | 1a64: 00 1700: 03
f00231 nm104 b110 tr273 ti7 se0 init0 fd001 fdd90 e018010=0 d=0600 pc1st=018010 pcLast=018013 | 0100: 00 00 00 00 00 00 00 00 00 00 00 00 18 18 18 18 00 00 00 00 00 00 00 00 00 00 00 00 00 00 00 00 | 0600-03: 00 00 00 00 | 1a64: 00 1700: 03
f00232 nm104 b110 tr273 ti7 se0 init0 fd001 fdd90 e018010=0 d=0600 pc1st=018010 pcLast=018013 | 0100: 00 00 00 00 00 00 00 00 00 00 00 00 18 18 18 18 00 00 00 00 00 00 00 00 00 00 00 00 00 00 00 00 | 0600-03: 00 00 00 00 | 1a64: 00 1700: 03
f00233 nm104 b110 tr273 ti7 se0 init0 fd001 fdd90 e018010=0 d=0600 pc1st=018010 pcLast=018013 | 0100: 00 00 00 00 00 00 00 00 00 00 00 00 18 18 18 18 00 00 00 00 00 00 00 00 00 00 00 00 00 00 00 00 | 0600-03: 00 00 00 00 | 1a64: 00 1700: 03
f00234 nm104 b110 tr273 ti7 se0 init0 fd001 fdd90 e018010=0 d=0600 pc1st=018010 pcLast=018013 | 0100: 00 00 00 00 00 00 00 00 00 00 00 00 18 18 18 18 00 00 00 00 00 00 00 00 00 00 00 00 00 00 00 00 | 0600-03: 00 00 00 00 | 1a64: 00 1700: 03
f00235 nm104 b110 tr273 ti7 se0 init0 fd001 fdd90 e018010=0 d=0600 pc1st=018010 pcLast=018013 | 0100: 00 00 00 00 00 00 00 00 00 00 00 00 18 18 18 18 00 00 00 00 00 00 00 00 00 00 00 00 00 00 00 00 | 0600-03: 00 00 00 00 | 1a64: 00 1700: 03
f00236 nm104 b110 tr273 ti7 se0 init0 fd001 fdd90 e018010=0 d=0600 pc1st=018010 pcLast=018013 | 0100: 00 00 00 00 00 00 00 00 00 00 00 00 18 18 18 18 00 00 00 00 00 00 00 00 00 00 00 00 00 00 00 00 | 0600-03: 00 00 00 00 | 1a64: 00 1700: 03
f00237 nm104 b110 tr273 ti7 se0 init0 fd001 fdd90 e018010=0 d=0600 pc1st=018010 pcLast=018013 | 0100: 00 00 00 00 00 00 00 00 00 00 00 00 18 18 18 18 00 00 00 00 00 00 00 00 00 00 00 00 00 00 00 00 | 0600-03: 00 00 00 00 | 1a64: 00 1700: 03
f00238 nm104 b110 tr273 ti7 se0 init0 fd001 fdd90 e018010=0 d=0600 pc1st=018010 pcLast=018013 | 0100: 00 00 00 00 00 00 00 00 00 00 00 00 18 18 18 18 00 00 00 00 00 00 00 00 00 00 00 00 00 00 00 00 | 0600-03: 00 00 00 00 | 1a64: 00 1700: 03
f00239 nm104 b110 tr273 ti7 se0 init0 fd001 fdd90 e018010=0 d=0600 pc1st=018010 pcLast=018013 | 0100: 00 00 00 00 00 00 00 00 00 00 00 00 18 18 18 18 00 00 00 00 00 00 00 00 00 00 00 00 00 00 00 00 | 0600-03: 00 00 00 00 | 1a64: 00 1700: 03
f00240 nm104 b110 tr273 ti7 se0 init0 fd001 fdd90 e018010=0 d=0600 pc1st=018010 pcLast=018013 | 0100: 00 00 00 00 00 00 00 00 00 00 00 00 18 18 18 18 00 00 00 00 00 00 00 00 00 00 00 00 00 00 00 00 | 0600-03: 00 00 00 00 | 1a64: 00 1700: 03
f00241 nm104 b110 tr273 ti7 se0 init0 fd001 fdd90 e018010=0 d=0600 pc1st=018010 pcLast=018013 | 0100: 00 00 00 00 00 00 00 00 00 00 00 00 18 18 18 18 00 00 00 00 00 00 00 00 00 00 00 00 00 00 00 00 | 0600-03: 00 00 00 00 | 1a64: 00 1700: 03
f00242 nm104 b110 tr273 ti7 se0 init0 fd001 fdd90 e018010=0 d=0600 pc1st=018010 pcLast=018013 | 0100: 00 00 00 00 00 00 00 00 00 00 00 00 18 18 18 18 00 00 00 00 00 00 00 00 00 00 00 00 00 00 00 00 | 0600-03: 00 00 00 00 | 1a64: 00 1700: 03
f00243 nm104 b110 tr273 ti7 se0 init0 fd001 fdd90 e018010=0 d=0600 pc1st=018010 pcLast=018013 | 0100: 00 00 00 00 00 00 00 00 00 00 00 00 18 18 18 18 00 00 00 00 00 00 00 00 00 00 00 00 00 00 00 00 | 0600-03: 00 00 00 00 | 1a64: 00 1700: 03
f00244 nm104 b110 tr273 ti7 se0 init0 fd001 fdd90 e018010=0 d=0600 pc1st=018010 pcLast=018013 | 0100: 00 00 00 00 00 00 00 00 00 00 00 00 18 18 18 18 00 00 00 00 00 00 00 00 00 00 00 00 00 00 00 00 | 0600-03: 00 00 00 00 | 1a64: 00 1700: 03
f00245 nm104 b110 tr273 ti7 se0 init0 fd001 fdd90 e018010=0 d=0600 pc1st=018010 pcLast=018013 | 0100: 00 00 00 00 00 00 00 00 00 00 00 00 18 18 18 18 00 00 00 00 00 00 00 00 00 00 00 00 00 00 00 00 | 0600-03: 00 00 00 00 | 1a64: 00 1700: 03
f00246 nm104 b110 tr273 ti7 se0 init0 fd001 fdd90 e018010=0 d=0600 pc1st=018010 pcLast=018013 | 0100: 00 00 00 00 00 00 00 00 00 00 00 00 18 18 18 18 00 00 00 00 00 00 00 00 00 00 00 00 00 00 00 00 | 0600-03: 00 00 00 00 | 1a64: 00 1700: 03
f00247 nm104 b110 tr273 ti7 se0 init0 fd001 fdd90 e018010=0 d=0600 pc1st=018010 pcLast=018013 | 0100: 00 00 00 00 00 00 00 00 00 00 00 00 18 18 18 18 00 00 00 00 00 00 00 00 00 00 00 00 00 00 00 00 | 0600-03: 00 00 00 00 | 1a64: 00 1700: 03
f00248 nm104 b110 tr273 ti7 se0 init0 fd001 fdd90 e018010=0 d=0600 pc1st=018010 pcLast=018013 | 0100: 00 00 00 00 00 00 00 00 00 00 00 00 18 18 18 18 00 00 00 00 00 00 00 00 00 00 00 00 00 00 00 00 | 0600-03: 00 00 00 00 | 1a64: 00 1700: 03
f00249 nm104 b110 tr273 ti7 se0 init0 fd001 fdd90 e018010=0 d=0600 pc1st=018010 pcLast=018013 | 0100: 00 00 00 00 00 00 00 00 00 00 00 00 18 18 18 18 00 00 00 00 00 00 00 00 00 00 00 00 00 00 00 00 | 0600-03: 00 00 00 00 | 1a64: 00 1700: 03
f00250 nm104 b110 tr273 ti7 se0 init0 fd001 fdd90 e018010=0 d=0600 pc1st=018010 pcLast=018013 | 0100: 00 00 00 00 00 00 00 00 00 00 00 00 18 18 18 18 00 00 00 00 00 00 00 00 00 00 00 00 00 00 00 00 | 0600-03: 00 00 00 00 | 1a64: 00 1700: 03
f00251 nm104 b110 tr273 ti7 se0 init0 fd001 fdd90 e018010=0 d=0600 pc1st=018010 pcLast=018013 | 0100: 00 00 00 00 00 00 00 00 00 00 00 00 18 18 18 18 00 00 00 00 00 00 00 00 00 00 00 00 00 00 00 00 | 0600-03: 00 00 00 00 | 1a64: 00 1700: 03
f00252 nm104 b110 tr273 ti7 se0 init0 fd001 fdd90 e018010=0 d=0600 pc1st=018010 pcLast=018013 | 0100: 00 00 00 00 00 00 00 00 00 00 00 00 18 18 18 18 00 00 00 00 00 00 00 00 00 00 00 00 00 00 00 00 | 0600-03: 00 00 00 00 | 1a64: 00 1700: 03
f00253 nm104 b110 tr273 ti7 se0 init0 fd001 fdd90 e018010=0 d=0600 pc1st=018010 pcLast=018013 | 0100: 00 00 00 00 00 00 00 00 00 00 00 00 18 18 18 18 00 00 00 00 00 00 00 00 00 00 00 00 00 00 00 00 | 0600-03: 00 00 00 00 | 1a64: 00 1700: 03
f00254 nm104 b110 tr273 ti7 se0 init0 fd001 fdd90 e018010=0 d=0600 pc1st=018010 pcLast=018013 | 0100: 00 00 00 00 00 00 00 00 00 00 00 00 18 18 18 18 00 00 00 00 00 00 00 00 00 00 00 00 00 00 00 00 | 0600-03: 00 00 00 00 | 1a64: 00 1700: 03
f00255 nm104 b110 tr273 ti7 se0 init0 fd001 fdd90 e018010=0 d=0600 pc1st=018010 pcLast=018013 | 0100: 00 00 00 00 00 00 00 00 00 00 00 00 18 18 18 18 00 00 00 00 00 00 00 00 00 00 00 00 00 00 00 00 | 0600-03: 00 00 00 00 | 1a64: 00 1700: 03
f00256 nm104 b110 tr273 ti7 se0 init0 fd001 fdd90 e018010=0 d=0600 pc1st=018010 pcLast=018013 | 0100: 00 00 00 00 00 00 00 00 00 00 00 00 18 18 18 18 00 00 00 00 00 00 00 00 00 00 00 00 00 00 00 00 | 0600-03: 00 00 00 00 | 1a64: 00 1700: 03
f00257 nm104 b110 tr273 ti7 se0 init0 fd001 fdd90 e018010=0 d=0600 pc1st=018010 pcLast=018013 | 0100: 00 00 00 00 00 00 00 00 00 00 00 00 18 18 18 18 00 00 00 00 00 00 00 00 00 00 00 00 00 00 00 00 | 0600-03: 00 00 00 00 | 1a64: 00 1700: 03
f00258 nm104 b110 tr273 ti7 se0 init0 fd001 fdd90 e018010=0 d=0600 pc1st=018010 pcLast=018013 | 0100: 00 00 00 00 00 00 00 00 00 00 00 00 18 18 18 18 00 00 00 00 00 00 00 00 00 00 00 00 00 00 00 00 | 0600-03: 00 00 00 00 | 1a64: 00 1700: 03
f00259 nm104 b110 tr273 ti7 se0 init0 fd001 fdd90 e018010=0 d=0600 pc1st=018010 pcLast=018013 | 0100: 00 00 00 00 00 00 00 00 00 00 00 00 18 18 18 18 00 00 00 00 00 00 00 00 00 00 00 00 00 00 00 00 | 0600-03: 00 00 00 00 | 1a64: 00 1700: 03
f00260 nm104 b110 tr273 ti7 se0 init0 fd001 fdd90 e018010=0 d=0600 pc1st=018010 pcLast=018013 | 0100: 00 00 00 00 00 00 00 00 00 00 00 00 18 18 18 18 00 00 00 00 00 00 00 00 00 00 00 00 00 00 00 00 | 0600-03: 00 00 00 00 | 1a64: 00 1700: 03
f00261 nm104 b110 tr273 ti7 se0 init0 fd001 fdd90 e018010=0 d=0600 pc1st=018010 pcLast=018013 | 0100: 00 00 00 00 00 00 00 00 00 00 00 00 18 18 18 18 00 00 00 00 00 00 00 00 00 00 00 00 00 00 00 00 | 0600-03: 00 00 00 00 | 1a64: 00 1700: 03
f00262 nm104 b110 tr273 ti7 se0 init0 fd001 fdd90 e018010=0 d=0600 pc1st=018010 pcLast=018013 | 0100: 00 00 00 00 00 00 00 00 00 00 00 00 18 18 18 18 00 00 00 00 00 00 00 00 00 00 00 00 00 00 00 00 | 0600-03: 00 00 00 00 | 1a64: 00 1700: 03
f00263 nm104 b110 tr273 ti7 se0 init0 fd001 fdd90 e018010=0 d=0600 pc1st=018010 pcLast=018013 | 0100: 00 00 00 00 00 00 00 00 00 00 00 00 18 18 18 18 00 00 00 00 00 00 00 00 00 00 00 00 00 00 00 00 | 0600-03: 00 00 00 00 | 1a64: 00 1700: 03
f00264 nm104 b110 tr273 ti7 se0 init0 fd001 fdd90 e018010=0 d=0600 pc1st=018010 pcLast=018013 | 0100: 00 00 00 00 00 00 00 00 00 00 00 00 18 18 18 18 00 00 00 00 00 00 00 00 00 00 00 00 00 00 00 00 | 0600-03: 00 00 00 00 | 1a64: 00 1700: 03
f00265 nm104 b110 tr273 ti7 se0 init0 fd001 fdd90 e018010=0 d=0600 pc1st=018010 pcLast=018013 | 0100: 00 00 00 00 00 00 00 00 00 00 00 00 18 18 18 18 00 00 00 00 00 00 00 00 00 00 00 00 00 00 00 00 | 0600-03: 00 00 00 00 | 1a64: 00 1700: 03
f00266 nm104 b110 tr273 ti7 se0 init0 fd001 fdd90 e018010=0 d=0600 pc1st=018010 pcLast=018013 | 0100: 00 00 00 00 00 00 00 00 00 00 00 00 18 18 18 18 00 00 00 00 00 00 00 00 00 00 00 00 00 00 00 00 | 0600-03: 00 00 00 00 | 1a64: 00 1700: 03
f00267 nm104 b110 tr273 ti7 se0 init0 fd001 fdd90 e018010=0 d=0600 pc1st=018010 pcLast=018013 | 0100: 00 00 00 00 00 00 00 00 00 00 00 00 18 18 18 18 00 00 00 00 00 00 00 00 00 00 00 00 00 00 00 00 | 0600-03: 00 00 00 00 | 1a64: 00 1700: 03
f00268 nm104 b110 tr273 ti7 se0 init0 fd001 fdd90 e018010=0 d=0600 pc1st=018010 pcLast=018013 | 0100: 00 00 00 00 00 00 00 00 00 00 00 00 18 18 18 18 00 00 00 00 00 00 00 00 00 00 00 00 00 00 00 00 | 0600-03: 00 00 00 00 | 1a64: 00 1700: 03
f00269 nm104 b110 tr273 ti7 se0 init0 fd001 fdd90 e018010=0 d=0600 pc1st=018010 pcLast=018013 | 0100: 00 00 00 00 00 00 00 00 00 00 00 00 18 18 18 18 00 00 00 00 00 00 00 00 00 00 00 00 00 00 00 00 | 0600-03: 00 00 00 00 | 1a64: 00 1700: 03
f00270 nm104 b110 tr273 ti7 se0 init0 fd001 fdd90 e018010=0 d=0600 pc1st=018010 pcLast=018013 | 0100: 00 00 00 00 00 00 00 00 00 00 00 00 18 18 18 18 00 00 00 00 00 00 00 00 00 00 00 00 00 00 00 00 | 0600-03: 00 00 00 00 | 1a64: 00 1700: 03
f00271 nm104 b110 tr273 ti7 se0 init0 fd001 fdd90 e018010=0 d=0600 pc1st=018010 pcLast=018013 | 0100: 00 00 00 00 00 00 00 00 00 00 00 00 18 18 18 18 00 00 00 00 00 00 00 00 00 00 00 00 00 00 00 00 | 0600-03: 00 00 00 00 | 1a64: 00 1700: 03
f00272 nm104 b110 tr273 ti7 se0 init0 fd001 fdd90 e018010=0 d=0600 pc1st=018010 pcLast=018013 | 0100: 00 00 00 00 00 00 00 00 00 00 00 00 18 18 18 18 00 00 00 00 00 00 00 00 00 00 00 00 00 00 00 00 | 0600-03: 00 00 00 00 | 1a64: 00 1700: 03
f00273 nm104 b110 tr273 ti7 se0 init0 fd001 fdd90 e018010=0 d=0600 pc1st=018010 pcLast=018013 | 0100: 00 00 00 00 00 00 00 00 00 00 00 00 18 18 18 18 00 00 00 00 00 00 00 00 00 00 00 00 00 00 00 00 | 0600-03: 00 00 00 00 | 1a64: 00 1700: 03
f00274 nm104 b110 tr273 ti7 se0 init0 fd001 fdd90 e018010=0 d=0600 pc1st=018010 pcLast=018013 | 0100: 00 00 00 00 00 00 00 00 00 00 00 00 18 18 18 18 00 00 00 00 00 00 00 00 00 00 00 00 00 00 00 00 | 0600-03: 00 00 00 00 | 1a64: 00 1700: 03
f00275 nm104 b110 tr273 ti7 se0 init0 fd001 fdd90 e018010=0 d=0600 pc1st=018010 pcLast=018013 | 0100: 00 00 00 00 00 00 00 00 00 00 00 00 18 18 18 18 00 00 00 00 00 00 00 00 00 00 00 00 00 00 00 00 | 0600-03: 00 00 00 00 | 1a64: 00 1700: 03
f00276 nm104 b110 tr273 ti7 se0 init0 fd001 fdd90 e018010=0 d=0600 pc1st=018010 pcLast=018013 | 0100: 00 00 00 00 00 00 00 00 00 00 00 00 18 18 18 18 00 00 00 00 00 00 00 00 00 00 00 00 00 00 00 00 | 0600-03: 00 00 00 00 | 1a64: 00 1700: 03
f00277 nm107 b110 tr273 ti7 se0 init0 fd001 fdd90 e018010=0 d=0600 pc1st=018010 pcLast=018013 | 0100: 00 00 00 00 00 00 00 00 00 00 00 00 18 18 18 18 00 00 00 00 00 00 00 00 00 00 00 00 00 00 00 00 | 0600-03: 00 00 00 00 | 1a64: 00 1700: 03
f00278 nm104 b110 tr273 ti7 se0 init0 fd001 fdd90 e018010=0 d=0600 pc1st=018010 pcLast=018013 | 0100: 00 00 00 00 00 00 00 00 00 00 00 00 18 18 18 18 00 00 00 00 00 00 00 00 00 00 00 00 00 00 00 00 | 0600-03: 00 00 00 00 | 1a64: 00 1700: 03
f00279 nm104 b110 tr273 ti7 se0 init0 fd001 fdd90 e018010=0 d=0600 pc1st=018010 pcLast=018013 | 0100: 00 00 00 00 00 00 00 00 00 00 00 00 18 18 18 18 00 00 00 00 00 00 00 00 00 00 00 00 00 00 00 00 | 0600-03: 00 00 00 00 | 1a64: 00 1700: 03
f00280 nm104 b110 tr273 ti7 se0 init0 fd001 fdd90 e018010=0 d=0600 pc1st=018010 pcLast=018013 | 0100: 00 00 00 00 00 00 00 00 00 00 00 00 18 18 18 18 00 00 00 00 00 00 00 00 00 00 00 00 00 00 00 00 | 0600-03: 00 00 00 00 | 1a64: 00 1700: 03
f00281 nm104 b110 tr273 ti7 se0 init0 fd001 fdd90 e018010=0 d=0600 pc1st=018010 pcLast=018013 | 0100: 00 00 00 00 00 00 00 00 00 00 00 00 18 18 18 18 00 00 00 00 00 00 00 00 00 00 00 00 00 00 00 00 | 0600-03: 00 00 00 00 | 1a64: 00 1700: 03
f00282 nm104 b110 tr273 ti7 se0 init0 fd001 fdd90 e018010=0 d=0600 pc1st=018010 pcLast=018013 | 0100: 00 00 00 00 00 00 00 00 00 00 00 00 18 18 18 18 00 00 00 00 00 00 00 00 00 00 00 00 00 00 00 00 | 0600-03: 00 00 00 00 | 1a64: 00 1700: 03
f00283 nm104 b110 tr273 ti7 se0 init0 fd001 fdd90 e018010=0 d=0600 pc1st=018010 pcLast=018013 | 0100: 00 00 00 00 00 00 00 00 00 00 00 00 18 18 18 18 00 00 00 00 00 00 00 00 00 00 00 00 00 00 00 00 | 0600-03: 00 00 00 00 | 1a64: 00 1700: 03
f00284 nm104 b110 tr273 ti7 se0 init0 fd001 fdd90 e018010=0 d=0600 pc1st=018010 pcLast=018013 | 0100: 00 00 00 00 00 00 00 00 00 00 00 00 18 18 18 18 00 00 00 00 00 00 00 00 00 00 00 00 00 00 00 00 | 0600-03: 00 00 00 00 | 1a64: 00 1700: 03
f00285 nm104 b110 tr273 ti7 se0 init0 fd001 fdd90 e018010=0 d=0600 pc1st=018010 pcLast=018013 | 0100: 00 00 00 00 00 00 00 00 00 00 00 00 18 18 18 18 00 00 00 00 00 00 00 00 00 00 00 00 00 00 00 00 | 0600-03: 00 00 00 00 | 1a64: 00 1700: 03
f00286 nm104 b110 tr273 ti7 se0 init0 fd001 fdd90 e018010=0 d=0600 pc1st=018010 pcLast=018013 | 0100: 00 00 00 00 00 00 00 00 00 00 00 00 18 18 18 18 00 00 00 00 00 00 00 00 00 00 00 00 00 00 00 00 | 0600-03: 00 00 00 00 | 1a64: 00 1700: 03
f00287 nm104 b110 tr273 ti7 se0 init0 fd001 fdd90 e018010=0 d=0600 pc1st=018010 pcLast=018013 | 0100: 00 00 00 00 00 00 00 00 00 00 00 00 18 18 18 18 00 00 00 00 00 00 00 00 00 00 00 00 00 00 00 00 | 0600-03: 00 00 00 00 | 1a64: 00 1700: 03
f00288 nm104 b110 tr273 ti7 se0 init0 fd001 fdd90 e018010=0 d=0600 pc1st=018010 pcLast=018013 | 0100: 00 00 00 00 00 00 00 00 00 00 00 00 18 18 18 18 00 00 00 00 00 00 00 00 00 00 00 00 00 00 00 00 | 0600-03: 00 00 00 00 | 1a64: 00 1700: 03
f00289 nm104 b110 tr273 ti7 se0 init0 fd001 fdd90 e018010=0 d=0600 pc1st=018010 pcLast=018013 | 0100: 00 00 00 00 00 00 00 00 00 00 00 00 18 18 18 18 00 00 00 00 00 00 00 00 00 00 00 00 00 00 00 00 | 0600-03: 00 00 00 00 | 1a64: 00 1700: 03
f00290 nm104 b110 tr273 ti7 se0 init0 fd001 fdd90 e018010=0 d=0600 pc1st=018010 pcLast=018013 | 0100: 00 00 00 00 00 00 00 00 00 00 00 00 18 18 18 18 00 00 00 00 00 00 00 00 00 00 00 00 00 00 00 00 | 0600-03: 00 00 00 00 | 1a64: 00 1700: 03
f00291 nm104 b110 tr273 ti7 se0 init0 fd001 fdd90 e018010=0 d=0600 pc1st=018010 pcLast=018013 | 0100: 00 00 00 00 00 00 00 00 00 00 00 00 18 18 18 18 00 00 00 00 00 00 00 00 00 00 00 00 00 00 00 00 | 0600-03: 00 00 00 00 | 1a64: 00 1700: 03
f00292 nm104 b110 tr273 ti7 se0 init0 fd001 fdd90 e018010=0 d=0600 pc1st=018010 pcLast=018013 | 0100: 00 00 00 00 00 00 00 00 00 00 00 00 18 18 18 18 00 00 00 00 00 00 00 00 00 00 00 00 00 00 00 00 | 0600-03: 00 00 00 00 | 1a64: 00 1700: 03
f00293 nm104 b110 tr273 ti7 se0 init0 fd001 fdd90 e018010=0 d=0600 pc1st=018010 pcLast=018013 | 0100: 00 00 00 00 00 00 00 00 00 00 00 00 18 18 18 18 00 00 00 00 00 00 00 00 00 00 00 00 00 00 00 00 | 0600-03: 00 00 00 00 | 1a64: 00 1700: 03
f00294 nm104 b110 tr273 ti7 se0 init0 fd001 fdd90 e018010=0 d=0600 pc1st=018010 pcLast=018013 | 0100: 00 00 00 00 00 00 00 00 00 00 00 00 18 18 18 18 00 00 00 00 00 00 00 00 00 00 00 00 00 00 00 00 | 0600-03: 00 00 00 00 | 1a64: 00 1700: 03
f00295 nm104 b110 tr273 ti7 se0 init0 fd001 fdd90 e018010=0 d=0600 pc1st=018010 pcLast=018013 | 0100: 00 00 00 00 00 00 00 00 00 00 00 00 18 18 18 18 00 00 00 00 00 00 00 00 00 00 00 00 00 00 00 00 | 0600-03: 00 00 00 00 | 1a64: 00 1700: 03
f00296 nm104 b110 tr273 ti7 se0 init0 fd001 fdd90 e018010=0 d=0600 pc1st=018010 pcLast=018013 | 0100: 00 00 00 00 00 00 00 00 00 00 00 00 18 18 18 18 00 00 00 00 00 00 00 00 00 00 00 00 00 00 00 00 | 0600-03: 00 00 00 00 | 1a64: 00 1700: 03
f00297 nm104 b110 tr273 ti7 se0 init0 fd001 fdd90 e018010=0 d=0600 pc1st=018010 pcLast=018013 | 0100: 00 00 00 00 00 00 00 00 00 00 00 00 18 18 18 18 00 00 00 00 00 00 00 00 00 00 00 00 00 00 00 00 | 0600-03: 00 00 00 00 | 1a64: 00 1700: 03
f00298 nm104 b110 tr273 ti7 se0 init0 fd001 fdd90 e018010=0 d=0600 pc1st=018010 pcLast=018013 | 0100: 00 00 00 00 00 00 00 00 00 00 00 00 18 18 18 18 00 00 00 00 00 00 00 00 00 00 00 00 00 00 00 00 | 0600-03: 00 00 00 00 | 1a64: 00 1700: 03
f00299 nm104 b110 tr273 ti7 se0 init0 fd001 fdd90 e018010=0 d=0600 pc1st=018010 pcLast=018013 | 0100: 00 00 00 00 00 00 00 00 00 00 00 00 18 18 18 18 00 00 00 00 00 00 00 00 00 00 00 00 00 00 00 00 | 0600-03: 00 00 00 00 | 1a64: 00 1700: 03
f00300 nm104 b110 tr273 ti7 se0 init0 fd001 fdd90 e018010=0 d=0600 pc1st=018010 pcLast=018013 | 0100: 00 00 00 00 00 00 00 00 00 00 00 00 18 18 18 18 00 00 00 00 00 00 00 00 00 00 00 00 00 00 00 00 | 0600-03: 00 00 00 00 | 1a64: 00 1700: 03
f00301 nm104 b110 tr273 ti7 se0 init0 fd001 fdd90 e018010=0 d=0600 pc1st=018010 pcLast=018013 | 0100: 00 00 00 00 00 00 00 00 00 00 00 00 18 18 18 18 00 00 00 00 00 00 00 00 00 00 00 00 00 00 00 00 | 0600-03: 00 00 00 00 | 1a64: 00 1700: 03
f00302 nm104 b110 tr273 ti7 se0 init0 fd001 fdd90 e018010=0 d=0600 pc1st=018010 pcLast=018013 | 0100: 00 00 00 00 00 00 00 00 00 00 00 00 18 18 18 18 00 00 00 00 00 00 00 00 00 00 00 00 00 00 00 00 | 0600-03: 00 00 00 00 | 1a64: 00 1700: 03
f00303 nm104 b110 tr273 ti7 se0 init0 fd001 fdd90 e018010=0 d=0600 pc1st=018010 pcLast=018013 | 0100: 00 00 00 00 00 00 00 00 00 00 00 00 18 18 18 18 00 00 00 00 00 00 00 00 00 00 00 00 00 00 00 00 | 0600-03: 00 00 00 00 | 1a64: 00 1700: 03
f00304 nm104 b110 tr273 ti7 se0 init0 fd001 fdd90 e018010=0 d=0600 pc1st=018010 pcLast=018013 | 0100: 00 00 00 00 00 00 00 00 00 00 00 00 18 18 18 18 00 00 00 00 00 00 00 00 00 00 00 00 00 00 00 00 | 0600-03: 00 00 00 00 | 1a64: 00 1700: 03
f00305 nm104 b110 tr273 ti7 se0 init0 fd001 fdd90 e018010=0 d=0600 pc1st=018010 pcLast=018013 | 0100: 00 00 00 00 00 00 00 00 00 00 00 00 18 18 18 18 00 00 00 00 00 00 00 00 00 00 00 00 00 00 00 00 | 0600-03: 00 00 00 00 | 1a64: 00 1700: 03
f00306 nm104 b110 tr273 ti7 se0 init0 fd001 fdd90 e018010=0 d=0600 pc1st=018010 pcLast=018013 | 0100: 00 00 00 00 00 00 00 00 00 00 00 00 18 18 18 18 00 00 00 00 00 00 00 00 00 00 00 00 00 00 00 00 | 0600-03: 00 00 00 00 | 1a64: 00 1700: 03
f00307 nm104 b110 tr273 ti7 se0 init0 fd001 fdd90 e018010=0 d=0600 pc1st=018010 pcLast=018013 | 0100: 00 00 00 00 00 00 00 00 00 00 00 00 18 18 18 18 00 00 00 00 00 00 00 00 00 00 00 00 00 00 00 00 | 0600-03: 00 00 00 00 | 1a64: 00 1700: 03
f00308 nm104 b110 tr273 ti7 se0 init0 fd001 fdd90 e018010=0 d=0600 pc1st=018010 pcLast=018013 | 0100: 00 00 00 00 00 00 00 00 00 00 00 00 18 18 18 18 00 00 00 00 00 00 00 00 00 00 00 00 00 00 00 00 | 0600-03: 00 00 00 00 | 1a64: 00 1700: 03
f00309 nm104 b110 tr273 ti7 se0 init0 fd001 fdd90 e018010=0 d=0600 pc1st=018010 pcLast=018013 | 0100: 00 00 00 00 00 00 00 00 00 00 00 00 18 18 18 18 00 00 00 00 00 00 00 00 00 00 00 00 00 00 00 00 | 0600-03: 00 00 00 00 | 1a64: 00 1700: 03
f00310 nm104 b110 tr273 ti7 se0 init0 fd001 fdd90 e018010=0 d=0600 pc1st=018010 pcLast=018013 | 0100: 00 00 00 00 00 00 00 00 00 00 00 00 18 18 18 18 00 00 00 00 00 00 00 00 00 00 00 00 00 00 00 00 | 0600-03: 00 00 00 00 | 1a64: 00 1700: 03
f00311 nm104 b110 tr273 ti7 se0 init0 fd001 fdd90 e018010=0 d=0600 pc1st=018010 pcLast=018013 | 0100: 00 00 00 00 00 00 00 00 00 00 00 00 18 18 18 18 00 00 00 00 00 00 00 00 00 00 00 00 00 00 00 00 | 0600-03: 00 00 00 00 | 1a64: 00 1700: 03
f00312 nm104 b110 tr273 ti7 se0 init0 fd001 fdd90 e018010=0 d=0600 pc1st=018010 pcLast=018013 | 0100: 00 00 00 00 00 00 00 00 00 00 00 00 18 18 18 18 00 00 00 00 00 00 00 00 00 00 00 00 00 00 00 00 | 0600-03: 00 00 00 00 | 1a64: 00 1700: 03
f00313 nm104 b110 tr273 ti7 se0 init0 fd001 fdd90 e018010=0 d=0600 pc1st=018010 pcLast=018013 | 0100: 00 00 00 00 00 00 00 00 00 00 00 00 18 18 18 18 00 00 00 00 00 00 00 00 00 00 00 00 00 00 00 00 | 0600-03: 00 00 00 00 | 1a64: 00 1700: 03
f00314 nm104 b110 tr273 ti7 se0 init0 fd001 fdd90 e018010=0 d=0600 pc1st=018010 pcLast=018013 | 0100: 00 00 00 00 00 00 00 00 00 00 00 00 18 18 18 18 00 00 00 00 00 00 00 00 00 00 00 00 00 00 00 00 | 0600-03: 00 00 00 00 | 1a64: 00 1700: 03
f00315 nm104 b110 tr273 ti7 se0 init0 fd001 fdd90 e018010=0 d=0600 pc1st=018010 pcLast=018013 | 0100: 00 00 00 00 00 00 00 00 00 00 00 00 18 18 18 18 00 00 00 00 00 00 00 00 00 00 00 00 00 00 00 00 | 0600-03: 00 00 00 00 | 1a64: 00 1700: 03
f00316 nm104 b110 tr273 ti7 se0 init0 fd001 fdd90 e018010=0 d=0600 pc1st=018010 pcLast=018013 | 0100: 00 00 00 00 00 00 00 00 00 00 00 00 18 18 18 18 00 00 00 00 00 00 00 00 00 00 00 00 00 00 00 00 | 0600-03: 00 00 00 00 | 1a64: 00 1700: 03
f00317 nm104 b110 tr273 ti7 se0 init0 fd001 fdd90 e018010=0 d=0600 pc1st=018010 pcLast=018013 | 0100: 00 00 00 00 00 00 00 00 00 00 00 00 18 18 18 18 00 00 00 00 00 00 00 00 00 00 00 00 00 00 00 00 | 0600-03: 00 00 00 00 | 1a64: 00 1700: 03
f00318 nm104 b110 tr273 ti7 se0 init0 fd001 fdd90 e018010=0 d=0600 pc1st=018010 pcLast=018013 | 0100: 00 00 00 00 00 00 00 00 00 00 00 00 18 18 18 18 00 00 00 00 00 00 00 00 00 00 00 00 00 00 00 00 | 0600-03: 00 00 00 00 | 1a64: 00 1700: 03
f00319 nm104 b110 tr273 ti7 se0 init0 fd001 fdd90 e018010=0 d=0600 pc1st=018010 pcLast=018013 | 0100: 00 00 00 00 00 00 00 00 00 00 00 00 18 18 18 18 00 00 00 00 00 00 00 00 00 00 00 00 00 00 00 00 | 0600-03: 00 00 00 00 | 1a64: 00 1700: 03
f00320 nm104 b110 tr273 ti7 se0 init0 fd001 fdd90 e018010=0 d=0600 pc1st=018010 pcLast=018013 | 0100: 00 00 00 00 00 00 00 00 00 00 00 00 18 18 18 18 00 00 00 00 00 00 00 00 00 00 00 00 00 00 00 00 | 0600-03: 00 00 00 00 | 1a64: 00 1700: 03
f00321 nm104 b110 tr273 ti7 se0 init0 fd001 fdd90 e018010=0 d=0600 pc1st=018010 pcLast=018013 | 0100: 00 00 00 00 00 00 00 00 00 00 00 00 18 18 18 18 00 00 00 00 00 00 00 00 00 00 00 00 00 00 00 00 | 0600-03: 00 00 00 00 | 1a64: 00 1700: 03
f00322 nm104 b110 tr273 ti7 se0 init0 fd001 fdd90 e018010=0 d=0600 pc1st=018010 pcLast=018013 | 0100: 00 00 00 00 00 00 00 00 00 00 00 00 18 18 18 18 00 00 00 00 00 00 00 00 00 00 00 00 00 00 00 00 | 0600-03: 00 00 00 00 | 1a64: 00 1700: 03
f00323 nm104 b110 tr273 ti7 se0 init0 fd001 fdd90 e018010=0 d=0600 pc1st=018010 pcLast=018013 | 0100: 00 00 00 00 00 00 00 00 00 00 00 00 18 18 18 18 00 00 00 00 00 00 00 00 00 00 00 00 00 00 00 00 | 0600-03: 00 00 00 00 | 1a64: 00 1700: 03
f00324 nm104 b110 tr273 ti7 se0 init0 fd001 fdd90 e018010=0 d=0600 pc1st=018010 pcLast=018013 | 0100: 00 00 00 00 00 00 00 00 00 00 00 00 18 18 18 18 00 00 00 00 00 00 00 00 00 00 00 00 00 00 00 00 | 0600-03: 00 00 00 00 | 1a64: 00 1700: 03
f00325 nm104 b110 tr273 ti7 se0 init0 fd001 fdd90 e018010=0 d=0600 pc1st=018010 pcLast=018013 | 0100: 00 00 00 00 00 00 00 00 00 00 00 00 18 18 18 18 00 00 00 00 00 00 00 00 00 00 00 00 00 00 00 00 | 0600-03: 00 00 00 00 | 1a64: 00 1700: 03
f00326 nm104 b110 tr273 ti7 se0 init0 fd001 fdd90 e018010=0 d=0600 pc1st=018010 pcLast=018013 | 0100: 00 00 00 00 00 00 00 00 00 00 00 00 18 18 18 18 00 00 00 00 00 00 00 00 00 00 00 00 00 00 00 00 | 0600-03: 00 00 00 00 | 1a64: 00 1700: 03
f00327 nm104 b110 tr273 ti7 se0 init0 fd001 fdd90 e018010=0 d=0600 pc1st=018010 pcLast=018013 | 0100: 00 00 00 00 00 00 00 00 00 00 00 00 18 18 18 18 00 00 00 00 00 00 00 00 00 00 00 00 00 00 00 00 | 0600-03: 00 00 00 00 | 1a64: 00 1700: 03
f00328 nm104 b110 tr273 ti7 se0 init0 fd001 fdd90 e018010=0 d=0600 pc1st=018010 pcLast=018013 | 0100: 00 00 00 00 00 00 00 00 00 00 00 00 18 18 18 18 00 00 00 00 00 00 00 00 00 00 00 00 00 00 00 00 | 0600-03: 00 00 00 00 | 1a64: 00 1700: 03
f00329 nm104 b110 tr273 ti7 se0 init0 fd001 fdd90 e018010=0 d=0600 pc1st=018010 pcLast=018013 | 0100: 00 00 00 00 00 00 00 00 00 00 00 00 18 18 18 18 00 00 00 00 00 00 00 00 00 00 00 00 00 00 00 00 | 0600-03: 00 00 00 00 | 1a64: 00 1700: 03
f00330 nm104 b110 tr273 ti7 se0 init0 fd001 fdd90 e018010=0 d=0600 pc1st=018010 pcLast=018013 | 0100: 00 00 00 00 00 00 00 00 00 00 00 00 18 18 18 18 00 00 00 00 00 00 00 00 00 00 00 00 00 00 00 00 | 0600-03: 00 00 00 00 | 1a64: 00 1700: 03
f00331 nm104 b110 tr273 ti7 se0 init0 fd001 fdd90 e018010=0 d=0600 pc1st=018010 pcLast=018013 | 0100: 00 00 00 00 00 00 00 00 00 00 00 00 18 18 18 18 00 00 00 00 00 00 00 00 00 00 00 00 00 00 00 00 | 0600-03: 00 00 00 00 | 1a64: 00 1700: 03
f00332 nm104 b110 tr273 ti7 se0 init0 fd001 fdd90 e018010=0 d=0600 pc1st=018010 pcLast=018013 | 0100: 00 00 00 00 00 00 00 00 00 00 00 00 18 18 18 18 00 00 00 00 00 00 00 00 00 00 00 00 00 00 00 00 | 0600-03: 00 00 00 00 | 1a64: 00 1700: 03
f00333 nm104 b110 tr273 ti7 se0 init0 fd001 fdd90 e018010=0 d=0600 pc1st=018010 pcLast=018013 | 0100: 00 00 00 00 00 00 00 00 00 00 00 00 18 18 18 18 00 00 00 00 00 00 00 00 00 00 00 00 00 00 00 00 | 0600-03: 00 00 00 00 | 1a64: 00 1700: 03
f00334 nm104 b110 tr273 ti7 se0 init0 fd001 fdd90 e018010=0 d=0600 pc1st=018010 pcLast=018013 | 0100: 00 00 00 00 00 00 00 00 00 00 00 00 18 18 18 18 00 00 00 00 00 00 00 00 00 00 00 00 00 00 00 00 | 0600-03: 00 00 00 00 | 1a64: 00 1700: 03
f00335 nm104 b110 tr273 ti7 se0 init0 fd001 fdd90 e018010=0 d=0600 pc1st=018010 pcLast=018013 | 0100: 00 00 00 00 00 00 00 00 00 00 00 00 18 18 18 18 00 00 00 00 00 00 00 00 00 00 00 00 00 00 00 00 | 0600-03: 00 00 00 00 | 1a64: 00 1700: 03
f00336 nm104 b110 tr273 ti7 se0 init0 fd001 fdd90 e018010=0 d=0600 pc1st=018010 pcLast=018013 | 0100: 00 00 00 00 00 00 00 00 00 00 00 00 18 18 18 18 00 00 00 00 00 00 00 00 00 00 00 00 00 00 00 00 | 0600-03: 00 00 00 00 | 1a64: 00 1700: 03
f00337 nm107 b110 tr273 ti7 se0 init0 fd001 fdd90 e018010=0 d=0600 pc1st=018010 pcLast=018013 | 0100: 00 00 00 00 00 00 00 00 00 00 00 00 18 18 18 18 00 00 00 00 00 00 00 00 00 00 00 00 00 00 00 00 | 0600-03: 00 00 00 00 | 1a64: 00 1700: 03
f00338 nm104 b110 tr273 ti7 se0 init0 fd001 fdd90 e018010=0 d=0600 pc1st=018010 pcLast=018013 | 0100: 00 00 00 00 00 00 00 00 00 00 00 00 18 18 18 18 00 00 00 00 00 00 00 00 00 00 00 00 00 00 00 00 | 0600-03: 00 00 00 00 | 1a64: 00 1700: 03
f00339 nm104 b110 tr273 ti7 se0 init0 fd001 fdd90 e018010=0 d=0600 pc1st=018010 pcLast=018013 | 0100: 00 00 00 00 00 00 00 00 00 00 00 00 18 18 18 18 00 00 00 00 00 00 00 00 00 00 00 00 00 00 00 00 | 0600-03: 00 00 00 00 | 1a64: 00 1700: 03
f00340 nm104 b110 tr273 ti7 se0 init0 fd001 fdd90 e018010=0 d=0600 pc1st=018010 pcLast=018013 | 0100: 00 00 00 00 00 00 00 00 00 00 00 00 18 18 18 18 00 00 00 00 00 00 00 00 00 00 00 00 00 00 00 00 | 0600-03: 00 00 00 00 | 1a64: 00 1700: 03
f00341 nm104 b110 tr273 ti7 se0 init0 fd001 fdd90 e018010=0 d=0600 pc1st=018010 pcLast=018013 | 0100: 00 00 00 00 00 00 00 00 00 00 00 00 18 18 18 18 00 00 00 00 00 00 00 00 00 00 00 00 00 00 00 00 | 0600-03: 00 00 00 00 | 1a64: 00 1700: 03
f00342 nm104 b110 tr273 ti7 se0 init0 fd001 fdd90 e018010=0 d=0600 pc1st=018010 pcLast=018013 | 0100: 00 00 00 00 00 00 00 00 00 00 00 00 18 18 18 18 00 00 00 00 00 00 00 00 00 00 00 00 00 00 00 00 | 0600-03: 00 00 00 00 | 1a64: 00 1700: 03
f00343 nm104 b110 tr273 ti7 se0 init0 fd001 fdd90 e018010=0 d=0600 pc1st=018010 pcLast=018013 | 0100: 00 00 00 00 00 00 00 00 00 00 00 00 18 18 18 18 00 00 00 00 00 00 00 00 00 00 00 00 00 00 00 00 | 0600-03: 00 00 00 00 | 1a64: 00 1700: 03
f00344 nm104 b110 tr273 ti7 se0 init0 fd001 fdd90 e018010=0 d=0600 pc1st=018010 pcLast=018013 | 0100: 00 00 00 00 00 00 00 00 00 00 00 00 18 18 18 18 00 00 00 00 00 00 00 00 00 00 00 00 00 00 00 00 | 0600-03: 00 00 00 00 | 1a64: 00 1700: 03
f00345 nm104 b110 tr273 ti7 se0 init0 fd001 fdd90 e018010=0 d=0600 pc1st=018010 pcLast=018013 | 0100: 00 00 00 00 00 00 00 00 00 00 00 00 18 18 18 18 00 00 00 00 00 00 00 00 00 00 00 00 00 00 00 00 | 0600-03: 00 00 00 00 | 1a64: 00 1700: 03
f00346 nm104 b110 tr273 ti7 se0 init0 fd001 fdd90 e018010=0 d=0600 pc1st=018010 pcLast=018013 | 0100: 00 00 00 00 00 00 00 00 00 00 00 00 18 18 18 18 00 00 00 00 00 00 00 00 00 00 00 00 00 00 00 00 | 0600-03: 00 00 00 00 | 1a64: 00 1700: 03
f00347 nm104 b110 tr273 ti7 se0 init0 fd001 fdd90 e018010=0 d=0600 pc1st=018010 pcLast=018013 | 0100: 00 00 00 00 00 00 00 00 00 00 00 00 18 18 18 18 00 00 00 00 00 00 00 00 00 00 00 00 00 00 00 00 | 0600-03: 00 00 00 00 | 1a64: 00 1700: 03
f00348 nm104 b110 tr273 ti7 se0 init0 fd001 fdd90 e018010=0 d=0600 pc1st=018010 pcLast=018013 | 0100: 00 00 00 00 00 00 00 00 00 00 00 00 18 18 18 18 00 00 00 00 00 00 00 00 00 00 00 00 00 00 00 00 | 0600-03: 00 00 00 00 | 1a64: 00 1700: 03
f00349 nm104 b110 tr273 ti7 se0 init0 fd001 fdd90 e018010=0 d=0600 pc1st=018010 pcLast=018013 | 0100: 00 00 00 00 00 00 00 00 00 00 00 00 18 18 18 18 00 00 00 00 00 00 00 00 00 00 00 00 00 00 00 00 | 0600-03: 00 00 00 00 | 1a64: 00 1700: 03
f00350 nm104 b110 tr273 ti7 se0 init0 fd001 fdd90 e018010=0 d=0600 pc1st=018010 pcLast=018013 | 0100: 00 00 00 00 00 00 00 00 00 00 00 00 18 18 18 18 00 00 00 00 00 00 00 00 00 00 00 00 00 00 00 00 | 0600-03: 00 00 00 00 | 1a64: 00 1700: 03
f00351 nm104 b110 tr273 ti7 se0 init0 fd001 fdd90 e018010=0 d=0600 pc1st=018010 pcLast=018013 | 0100: 00 00 00 00 00 00 00 00 00 00 00 00 18 18 18 18 00 00 00 00 00 00 00 00 00 00 00 00 00 00 00 00 | 0600-03: 00 00 00 00 | 1a64: 00 1700: 03
f00352 nm104 b110 tr273 ti7 se0 init0 fd001 fdd90 e018010=0 d=0600 pc1st=018010 pcLast=018013 | 0100: 00 00 00 00 00 00 00 00 00 00 00 00 18 18 18 18 00 00 00 00 00 00 00 00 00 00 00 00 00 00 00 00 | 0600-03: 00 00 00 00 | 1a64: 00 1700: 03
f00353 nm104 b110 tr273 ti7 se0 init0 fd001 fdd90 e018010=0 d=0600 pc1st=018010 pcLast=018013 | 0100: 00 00 00 00 00 00 00 00 00 00 00 00 18 18 18 18 00 00 00 00 00 00 00 00 00 00 00 00 00 00 00 00 | 0600-03: 00 00 00 00 | 1a64: 00 1700: 03
f00354 nm104 b110 tr273 ti7 se0 init0 fd001 fdd90 e018010=0 d=0600 pc1st=018010 pcLast=018013 | 0100: 00 00 00 00 00 00 00 00 00 00 00 00 18 18 18 18 00 00 00 00 00 00 00 00 00 00 00 00 00 00 00 00 | 0600-03: 00 00 00 00 | 1a64: 00 1700: 03
f00355 nm104 b110 tr273 ti7 se0 init0 fd001 fdd90 e018010=0 d=0600 pc1st=018010 pcLast=018013 | 0100: 00 00 00 00 00 00 00 00 00 00 00 00 18 18 18 18 00 00 00 00 00 00 00 00 00 00 00 00 00 00 00 00 | 0600-03: 00 00 00 00 | 1a64: 00 1700: 03
f00356 nm104 b110 tr273 ti7 se0 init0 fd001 fdd90 e018010=0 d=0600 pc1st=018010 pcLast=018013 | 0100: 00 00 00 00 00 00 00 00 00 00 00 00 18 18 18 18 00 00 00 00 00 00 00 00 00 00 00 00 00 00 00 00 | 0600-03: 00 00 00 00 | 1a64: 00 1700: 03
f00357 nm104 b110 tr273 ti7 se0 init0 fd001 fdd90 e018010=0 d=0600 pc1st=018010 pcLast=018013 | 0100: 00 00 00 00 00 00 00 00 00 00 00 00 18 18 18 18 00 00 00 00 00 00 00 00 00 00 00 00 00 00 00 00 | 0600-03: 00 00 00 00 | 1a64: 00 1700: 03
f00358 nm104 b110 tr273 ti7 se0 init0 fd001 fdd90 e018010=0 d=0600 pc1st=018010 pcLast=018013 | 0100: 00 00 00 00 00 00 00 00 00 00 00 00 18 18 18 18 00 00 00 00 00 00 00 00 00 00 00 00 00 00 00 00 | 0600-03: 00 00 00 00 | 1a64: 00 1700: 03
f00359 nm104 b110 tr273 ti7 se0 init0 fd001 fdd90 e018010=0 d=0600 pc1st=018010 pcLast=018013 | 0100: 00 00 00 00 00 00 00 00 00 00 00 00 18 18 18 18 00 00 00 00 00 00 00 00 00 00 00 00 00 00 00 00 | 0600-03: 00 00 00 00 | 1a64: 00 1700: 03
f00360 nm104 b110 tr273 ti7 se0 init0 fd001 fdd90 e018010=0 d=0600 pc1st=018010 pcLast=018013 | 0100: 00 00 00 00 00 00 00 00 00 00 00 00 18 18 18 18 00 00 00 00 00 00 00 00 00 00 00 00 00 00 00 00 | 0600-03: 00 00 00 00 | 1a64: 00 1700: 03
f00361 nm104 b110 tr273 ti7 se0 init0 fd001 fdd90 e018010=0 d=0600 pc1st=018010 pcLast=018013 | 0100: 00 00 00 00 00 00 00 00 00 00 00 00 18 18 18 18 00 00 00 00 00 00 00 00 00 00 00 00 00 00 00 00 | 0600-03: 00 00 00 00 | 1a64: 00 1700: 03
f00362 nm104 b110 tr273 ti7 se0 init0 fd001 fdd90 e018010=0 d=0600 pc1st=018010 pcLast=018013 | 0100: 00 00 00 00 00 00 00 00 00 00 00 00 18 18 18 18 00 00 00 00 00 00 00 00 00 00 00 00 00 00 00 00 | 0600-03: 00 00 00 00 | 1a64: 00 1700: 03
f00363 nm104 b110 tr273 ti7 se0 init0 fd001 fdd90 e018010=0 d=0600 pc1st=018010 pcLast=018013 | 0100: 00 00 00 00 00 00 00 00 00 00 00 00 18 18 18 18 00 00 00 00 00 00 00 00 00 00 00 00 00 00 00 00 | 0600-03: 00 00 00 00 | 1a64: 00 1700: 03
f00364 nm104 b110 tr273 ti7 se0 init0 fd001 fdd90 e018010=0 d=0600 pc1st=018010 pcLast=018013 | 0100: 00 00 00 00 00 00 00 00 00 00 00 00 18 18 18 18 00 00 00 00 00 00 00 00 00 00 00 00 00 00 00 00 | 0600-03: 00 00 00 00 | 1a64: 00 1700: 03
f00365 nm104 b110 tr273 ti7 se0 init0 fd001 fdd90 e018010=0 d=0600 pc1st=018010 pcLast=018013 | 0100: 00 00 00 00 00 00 00 00 00 00 00 00 18 18 18 18 00 00 00 00 00 00 00 00 00 00 00 00 00 00 00 00 | 0600-03: 00 00 00 00 | 1a64: 00 1700: 03
f00366 nm104 b110 tr273 ti7 se0 init0 fd001 fdd90 e018010=0 d=0600 pc1st=018010 pcLast=018013 | 0100: 00 00 00 00 00 00 00 00 00 00 00 00 18 18 18 18 00 00 00 00 00 00 00 00 00 00 00 00 00 00 00 00 | 0600-03: 00 00 00 00 | 1a64: 00 1700: 03
f00367 nm104 b110 tr273 ti7 se0 init0 fd001 fdd90 e018010=0 d=0600 pc1st=018010 pcLast=018013 | 0100: 00 00 00 00 00 00 00 00 00 00 00 00 18 18 18 18 00 00 00 00 00 00 00 00 00 00 00 00 00 00 00 00 | 0600-03: 00 00 00 00 | 1a64: 00 1700: 03
f00368 nm104 b110 tr273 ti7 se0 init0 fd001 fdd90 e018010=0 d=0600 pc1st=018010 pcLast=018013 | 0100: 00 00 00 00 00 00 00 00 00 00 00 00 18 18 18 18 00 00 00 00 00 00 00 00 00 00 00 00 00 00 00 00 | 0600-03: 00 00 00 00 | 1a64: 00 1700: 03
f00369 nm104 b110 tr273 ti7 se0 init0 fd001 fdd90 e018010=0 d=0600 pc1st=018010 pcLast=018013 | 0100: 00 00 00 00 00 00 00 00 00 00 00 00 18 18 18 18 00 00 00 00 00 00 00 00 00 00 00 00 00 00 00 00 | 0600-03: 00 00 00 00 | 1a64: 00 1700: 03
f00370 nm104 b110 tr273 ti7 se0 init0 fd001 fdd90 e018010=0 d=0600 pc1st=018010 pcLast=018013 | 0100: 00 00 00 00 00 00 00 00 00 00 00 00 18 18 18 18 00 00 00 00 00 00 00 00 00 00 00 00 00 00 00 00 | 0600-03: 00 00 00 00 | 1a64: 00 1700: 03
f00371 nm104 b110 tr273 ti7 se0 init0 fd001 fdd90 e018010=0 d=0600 pc1st=018010 pcLast=018013 | 0100: 00 00 00 00 00 00 00 00 00 00 00 00 18 18 18 18 00 00 00 00 00 00 00 00 00 00 00 00 00 00 00 00 | 0600-03: 00 00 00 00 | 1a64: 00 1700: 03
f00372 nm104 b110 tr273 ti7 se0 init0 fd001 fdd90 e018010=0 d=0600 pc1st=018010 pcLast=018013 | 0100: 00 00 00 00 00 00 00 00 00 00 00 00 18 18 18 18 00 00 00 00 00 00 00 00 00 00 00 00 00 00 00 00 | 0600-03: 00 00 00 00 | 1a64: 00 1700: 03
f00373 nm104 b110 tr273 ti7 se0 init0 fd001 fdd90 e018010=0 d=0600 pc1st=018010 pcLast=018013 | 0100: 00 00 00 00 00 00 00 00 00 00 00 00 18 18 18 18 00 00 00 00 00 00 00 00 00 00 00 00 00 00 00 00 | 0600-03: 00 00 00 00 | 1a64: 00 1700: 03
f00374 nm104 b110 tr273 ti7 se0 init0 fd001 fdd90 e018010=0 d=0600 pc1st=018010 pcLast=018013 | 0100: 00 00 00 00 00 00 00 00 00 00 00 00 18 18 18 18 00 00 00 00 00 00 00 00 00 00 00 00 00 00 00 00 | 0600-03: 00 00 00 00 | 1a64: 00 1700: 03
f00375 nm104 b110 tr273 ti7 se0 init0 fd001 fdd90 e018010=0 d=0600 pc1st=018010 pcLast=018013 | 0100: 00 00 00 00 00 00 00 00 00 00 00 00 18 18 18 18 00 00 00 00 00 00 00 00 00 00 00 00 00 00 00 00 | 0600-03: 00 00 00 00 | 1a64: 00 1700: 03
f00376 nm104 b110 tr273 ti7 se0 init0 fd001 fdd90 e018010=0 d=0600 pc1st=018010 pcLast=018013 | 0100: 00 00 00 00 00 00 00 00 00 00 00 00 18 18 18 18 00 00 00 00 00 00 00 00 00 00 00 00 00 00 00 00 | 0600-03: 00 00 00 00 | 1a64: 00 1700: 03
f00377 nm104 b110 tr273 ti7 se0 init0 fd001 fdd90 e018010=0 d=0600 pc1st=018010 pcLast=018013 | 0100: 00 00 00 00 00 00 00 00 00 00 00 00 18 18 18 18 00 00 00 00 00 00 00 00 00 00 00 00 00 00 00 00 | 0600-03: 00 00 00 00 | 1a64: 00 1700: 03
f00378 nm104 b110 tr273 ti7 se0 init0 fd001 fdd90 e018010=0 d=0600 pc1st=018010 pcLast=018013 | 0100: 00 00 00 00 00 00 00 00 00 00 00 00 18 18 18 18 00 00 00 00 00 00 00 00 00 00 00 00 00 00 00 00 | 0600-03: 00 00 00 00 | 1a64: 00 1700: 03
f00379 nm104 b110 tr273 ti7 se0 init0 fd001 fdd90 e018010=0 d=0600 pc1st=018010 pcLast=018013 | 0100: 00 00 00 00 00 00 00 00 00 00 00 00 18 18 18 18 00 00 00 00 00 00 00 00 00 00 00 00 00 00 00 00 | 0600-03: 00 00 00 00 | 1a64: 00 1700: 03
f00380 nm104 b110 tr273 ti7 se0 init0 fd001 fdd90 e018010=0 d=0600 pc1st=018010 pcLast=018013 | 0100: 00 00 00 00 00 00 00 00 00 00 00 00 18 18 18 18 00 00 00 00 00 00 00 00 00 00 00 00 00 00 00 00 | 0600-03: 00 00 00 00 | 1a64: 00 1700: 03
f00381 nm104 b110 tr273 ti7 se0 init0 fd001 fdd90 e018010=0 d=0600 pc1st=018010 pcLast=018013 | 0100: 00 00 00 00 00 00 00 00 00 00 00 00 18 18 18 18 00 00 00 00 00 00 00 00 00 00 00 00 00 00 00 00 | 0600-03: 00 00 00 00 | 1a64: 00 1700: 03
f00382 nm104 b110 tr273 ti7 se0 init0 fd001 fdd90 e018010=0 d=0600 pc1st=018010 pcLast=018013 | 0100: 00 00 00 00 00 00 00 00 00 00 00 00 18 18 18 18 00 00 00 00 00 00 00 00 00 00 00 00 00 00 00 00 | 0600-03: 00 00 00 00 | 1a64: 00 1700: 03
f00383 nm104 b110 tr273 ti7 se0 init0 fd001 fdd90 e018010=0 d=0600 pc1st=018010 pcLast=018013 | 0100: 00 00 00 00 00 00 00 00 00 00 00 00 18 18 18 18 00 00 00 00 00 00 00 00 00 00 00 00 00 00 00 00 | 0600-03: 00 00 00 00 | 1a64: 00 1700: 03
f00384 nm104 b110 tr273 ti7 se0 init0 fd001 fdd90 e018010=0 d=0600 pc1st=018010 pcLast=018013 | 0100: 00 00 00 00 00 00 00 00 00 00 00 00 18 18 18 18 00 00 00 00 00 00 00 00 00 00 00 00 00 00 00 00 | 0600-03: 00 00 00 00 | 1a64: 00 1700: 03
f00385 nm104 b110 tr273 ti7 se0 init0 fd001 fdd90 e018010=0 d=0600 pc1st=018010 pcLast=018013 | 0100: 00 00 00 00 00 00 00 00 00 00 00 00 18 18 18 18 00 00 00 00 00 00 00 00 00 00 00 00 00 00 00 00 | 0600-03: 00 00 00 00 | 1a64: 00 1700: 03
f00386 nm104 b110 tr273 ti7 se0 init0 fd001 fdd90 e018010=0 d=0600 pc1st=018010 pcLast=018013 | 0100: 00 00 00 00 00 00 00 00 00 00 00 00 18 18 18 18 00 00 00 00 00 00 00 00 00 00 00 00 00 00 00 00 | 0600-03: 00 00 00 00 | 1a64: 00 1700: 03
f00387 nm104 b110 tr273 ti7 se0 init0 fd001 fdd90 e018010=0 d=0600 pc1st=018010 pcLast=018013 | 0100: 00 00 00 00 00 00 00 00 00 00 00 00 18 18 18 18 00 00 00 00 00 00 00 00 00 00 00 00 00 00 00 00 | 0600-03: 00 00 00 00 | 1a64: 00 1700: 03
f00388 nm104 b110 tr273 ti7 se0 init0 fd001 fdd90 e018010=0 d=0600 pc1st=018010 pcLast=018013 | 0100: 00 00 00 00 00 00 00 00 00 00 00 00 18 18 18 18 00 00 00 00 00 00 00 00 00 00 00 00 00 00 00 00 | 0600-03: 00 00 00 00 | 1a64: 00 1700: 03
f00389 nm104 b110 tr273 ti7 se0 init0 fd001 fdd90 e018010=0 d=0600 pc1st=018010 pcLast=018013 | 0100: 00 00 00 00 00 00 00 00 00 00 00 00 18 18 18 18 00 00 00 00 00 00 00 00 00 00 00 00 00 00 00 00 | 0600-03: 00 00 00 00 | 1a64: 00 1700: 03
f00390 nm104 b110 tr273 ti7 se0 init0 fd001 fdd90 e018010=0 d=0600 pc1st=018010 pcLast=018013 | 0100: 00 00 00 00 00 00 00 00 00 00 00 00 18 18 18 18 00 00 00 00 00 00 00 00 00 00 00 00 00 00 00 00 | 0600-03: 00 00 00 00 | 1a64: 00 1700: 03
f00391 nm104 b110 tr273 ti7 se0 init0 fd001 fdd90 e018010=0 d=0600 pc1st=018010 pcLast=018013 | 0100: 00 00 00 00 00 00 00 00 00 00 00 00 18 18 18 18 00 00 00 00 00 00 00 00 00 00 00 00 00 00 00 00 | 0600-03: 00 00 00 00 | 1a64: 00 1700: 03
f00392 nm104 b110 tr273 ti7 se0 init0 fd001 fdd90 e018010=0 d=0600 pc1st=018010 pcLast=018013 | 0100: 00 00 00 00 00 00 00 00 00 00 00 00 18 18 18 18 00 00 00 00 00 00 00 00 00 00 00 00 00 00 00 00 | 0600-03: 00 00 00 00 | 1a64: 00 1700: 03
f00393 nm104 b110 tr273 ti7 se0 init0 fd001 fdd90 e018010=0 d=0600 pc1st=018010 pcLast=018013 | 0100: 00 00 00 00 00 00 00 00 00 00 00 00 18 18 18 18 00 00 00 00 00 00 00 00 00 00 00 00 00 00 00 00 | 0600-03: 00 00 00 00 | 1a64: 00 1700: 03
f00394 nm104 b110 tr273 ti7 se0 init0 fd001 fdd90 e018010=0 d=0600 pc1st=018010 pcLast=018013 | 0100: 00 00 00 00 00 00 00 00 00 00 00 00 18 18 18 18 00 00 00 00 00 00 00 00 00 00 00 00 00 00 00 00 | 0600-03: 00 00 00 00 | 1a64: 00 1700: 03
f00395 nm104 b110 tr273 ti7 se0 init0 fd001 fdd90 e018010=0 d=0600 pc1st=018010 pcLast=018013 | 0100: 00 00 00 00 00 00 00 00 00 00 00 00 18 18 18 18 00 00 00 00 00 00 00 00 00 00 00 00 00 00 00 00 | 0600-03: 00 00 00 00 | 1a64: 00 1700: 03
f00396 nm104 b110 tr273 ti7 se0 init0 fd001 fdd90 e018010=0 d=0600 pc1st=018010 pcLast=018013 | 0100: 00 00 00 00 00 00 00 00 00 00 00 00 18 18 18 18 00 00 00 00 00 00 00 00 00 00 00 00 00 00 00 00 | 0600-03: 00 00 00 00 | 1a64: 00 1700: 03
f00397 nm107 b110 tr273 ti7 se0 init0 fd001 fdd90 e018010=0 d=0600 pc1st=018010 pcLast=018013 | 0100: 00 00 00 00 00 00 00 00 00 00 00 00 18 18 18 18 00 00 00 00 00 00 00 00 00 00 00 00 00 00 00 00 | 0600-03: 00 00 00 00 | 1a64: 00 1700: 03
f00398 nm104 b110 tr273 ti7 se0 init0 fd001 fdd90 e018010=0 d=0600 pc1st=018010 pcLast=018013 | 0100: 00 00 00 00 00 00 00 00 00 00 00 00 18 18 18 18 00 00 00 00 00 00 00 00 00 00 00 00 00 00 00 00 | 0600-03: 00 00 00 00 | 1a64: 00 1700: 03
f00399 nm104 b110 tr273 ti7 se0 init0 fd001 fdd90 e018010=0 d=0600 pc1st=018010 pcLast=018013 | 0100: 00 00 00 00 00 00 00 00 00 00 00 00 18 18 18 18 00 00 00 00 00 00 00 00 00 00 00 00 00 00 00 00 | 0600-03: 00 00 00 00 | 1a64: 00 1700: 03
f00400 nm104 b110 tr273 ti7 se0 init0 fd001 fdd90 e018010=0 d=0600 pc1st=018010 pcLast=018013 | 0100: 00 00 00 00 00 00 00 00 00 00 00 00 18 18 18 18 00 00 00 00 00 00 00 00 00 00 00 00 00 00 00 00 | 0600-03: 00 00 00 00 | 1a64: 00 1700: 03
f00401 nm104 b110 tr273 ti7 se0 init0 fd001 fdd90 e018010=0 d=0600 pc1st=018010 pcLast=018013 | 0100: 00 00 00 00 00 00 00 00 00 00 00 00 18 18 18 18 00 00 00 00 00 00 00 00 00 00 00 00 00 00 00 00 | 0600-03: 00 00 00 00 | 1a64: 00 1700: 03
f00402 nm104 b110 tr273 ti7 se0 init0 fd001 fdd90 e018010=0 d=0600 pc1st=018010 pcLast=018013 | 0100: 00 00 00 00 00 00 00 00 00 00 00 00 18 18 18 18 00 00 00 00 00 00 00 00 00 00 00 00 00 00 00 00 | 0600-03: 00 00 00 00 | 1a64: 00 1700: 03
f00403 nm104 b110 tr273 ti7 se0 init0 fd001 fdd90 e018010=0 d=0600 pc1st=018010 pcLast=018013 | 0100: 00 00 00 00 00 00 00 00 00 00 00 00 18 18 18 18 00 00 00 00 00 00 00 00 00 00 00 00 00 00 00 00 | 0600-03: 00 00 00 00 | 1a64: 00 1700: 03
f00404 nm104 b110 tr273 ti7 se0 init0 fd001 fdd90 e018010=0 d=0600 pc1st=018010 pcLast=018013 | 0100: 00 00 00 00 00 00 00 00 00 00 00 00 18 18 18 18 00 00 00 00 00 00 00 00 00 00 00 00 00 00 00 00 | 0600-03: 00 00 00 00 | 1a64: 00 1700: 03
f00405 nm104 b110 tr273 ti7 se0 init0 fd001 fdd90 e018010=0 d=0600 pc1st=018010 pcLast=018013 | 0100: 00 00 00 00 00 00 00 00 00 00 00 00 18 18 18 18 00 00 00 00 00 00 00 00 00 00 00 00 00 00 00 00 | 0600-03: 00 00 00 00 | 1a64: 00 1700: 03
f00406 nm104 b110 tr273 ti7 se0 init0 fd001 fdd90 e018010=0 d=0600 pc1st=018010 pcLast=018013 | 0100: 00 00 00 00 00 00 00 00 00 00 00 00 18 18 18 18 00 00 00 00 00 00 00 00 00 00 00 00 00 00 00 00 | 0600-03: 00 00 00 00 | 1a64: 00 1700: 03
f00407 nm104 b110 tr273 ti7 se0 init0 fd001 fdd90 e018010=0 d=0600 pc1st=018010 pcLast=018013 | 0100: 00 00 00 00 00 00 00 00 00 00 00 00 18 18 18 18 00 00 00 00 00 00 00 00 00 00 00 00 00 00 00 00 | 0600-03: 00 00 00 00 | 1a64: 00 1700: 03
f00408 nm104 b110 tr273 ti7 se0 init0 fd001 fdd90 e018010=0 d=0600 pc1st=018010 pcLast=018013 | 0100: 00 00 00 00 00 00 00 00 00 00 00 00 18 18 18 18 00 00 00 00 00 00 00 00 00 00 00 00 00 00 00 00 | 0600-03: 00 00 00 00 | 1a64: 00 1700: 03
f00409 nm104 b110 tr273 ti7 se0 init0 fd001 fdd90 e018010=0 d=0600 pc1st=018010 pcLast=018013 | 0100: 00 00 00 00 00 00 00 00 00 00 00 00 18 18 18 18 00 00 00 00 00 00 00 00 00 00 00 00 00 00 00 00 | 0600-03: 00 00 00 00 | 1a64: 00 1700: 03
f00410 nm104 b110 tr273 ti7 se0 init0 fd001 fdd90 e018010=0 d=0600 pc1st=018010 pcLast=018013 | 0100: 00 00 00 00 00 00 00 00 00 00 00 00 18 18 18 18 00 00 00 00 00 00 00 00 00 00 00 00 00 00 00 00 | 0600-03: 00 00 00 00 | 1a64: 00 1700: 03
f00411 nm104 b110 tr273 ti7 se0 init0 fd001 fdd90 e018010=0 d=0600 pc1st=018010 pcLast=018013 | 0100: 00 00 00 00 00 00 00 00 00 00 00 00 18 18 18 18 00 00 00 00 00 00 00 00 00 00 00 00 00 00 00 00 | 0600-03: 00 00 00 00 | 1a64: 00 1700: 03
f00412 nm104 b110 tr273 ti7 se0 init0 fd001 fdd90 e018010=0 d=0600 pc1st=018010 pcLast=018013 | 0100: 00 00 00 00 00 00 00 00 00 00 00 00 18 18 18 18 00 00 00 00 00 00 00 00 00 00 00 00 00 00 00 00 | 0600-03: 00 00 00 00 | 1a64: 00 1700: 03
f00413 nm104 b110 tr273 ti7 se0 init0 fd001 fdd90 e018010=0 d=0600 pc1st=018010 pcLast=018013 | 0100: 00 00 00 00 00 00 00 00 00 00 00 00 18 18 18 18 00 00 00 00 00 00 00 00 00 00 00 00 00 00 00 00 | 0600-03: 00 00 00 00 | 1a64: 00 1700: 03
f00414 nm104 b110 tr273 ti7 se0 init0 fd001 fdd90 e018010=0 d=0600 pc1st=018010 pcLast=018013 | 0100: 00 00 00 00 00 00 00 00 00 00 00 00 18 18 18 18 00 00 00 00 00 00 00 00 00 00 00 00 00 00 00 00 | 0600-03: 00 00 00 00 | 1a64: 00 1700: 03
f00415 nm104 b110 tr273 ti7 se0 init0 fd001 fdd90 e018010=0 d=0600 pc1st=018010 pcLast=018013 | 0100: 00 00 00 00 00 00 00 00 00 00 00 00 18 18 18 18 00 00 00 00 00 00 00 00 00 00 00 00 00 00 00 00 | 0600-03: 00 00 00 00 | 1a64: 00 1700: 03
f00416 nm104 b110 tr273 ti7 se0 init0 fd001 fdd90 e018010=0 d=0600 pc1st=018010 pcLast=018013 | 0100: 00 00 00 00 00 00 00 00 00 00 00 00 18 18 18 18 00 00 00 00 00 00 00 00 00 00 00 00 00 00 00 00 | 0600-03: 00 00 00 00 | 1a64: 00 1700: 03
f00417 nm104 b110 tr273 ti7 se0 init0 fd001 fdd90 e018010=0 d=0600 pc1st=018010 pcLast=018013 | 0100: 00 00 00 00 00 00 00 00 00 00 00 00 18 18 18 18 00 00 00 00 00 00 00 00 00 00 00 00 00 00 00 00 | 0600-03: 00 00 00 00 | 1a64: 00 1700: 03
f00418 nm104 b110 tr273 ti7 se0 init0 fd001 fdd90 e018010=0 d=0600 pc1st=018010 pcLast=018013 | 0100: 00 00 00 00 00 00 00 00 00 00 00 00 18 18 18 18 00 00 00 00 00 00 00 00 00 00 00 00 00 00 00 00 | 0600-03: 00 00 00 00 | 1a64: 00 1700: 03
f00419 nm104 b110 tr273 ti7 se0 init0 fd001 fdd90 e018010=0 d=0600 pc1st=018010 pcLast=018013 | 0100: 00 00 00 00 00 00 00 00 00 00 00 00 18 18 18 18 00 00 00 00 00 00 00 00 00 00 00 00 00 00 00 00 | 0600-03: 00 00 00 00 | 1a64: 00 1700: 03
f00420 nm104 b110 tr273 ti7 se0 init0 fd001 fdd90 e018010=0 d=0600 pc1st=018010 pcLast=018013 | 0100: 00 00 00 00 00 00 00 00 00 00 00 00 18 18 18 18 00 00 00 00 00 00 00 00 00 00 00 00 00 00 00 00 | 0600-03: 00 00 00 00 | 1a64: 00 1700: 03
f00421 nm104 b110 tr273 ti7 se0 init0 fd001 fdd90 e018010=0 d=0600 pc1st=018010 pcLast=018013 | 0100: 00 00 00 00 00 00 00 00 00 00 00 00 18 18 18 18 00 00 00 00 00 00 00 00 00 00 00 00 00 00 00 00 | 0600-03: 00 00 00 00 | 1a64: 00 1700: 03
f00422 nm104 b110 tr273 ti7 se0 init0 fd001 fdd90 e018010=0 d=0600 pc1st=018010 pcLast=018013 | 0100: 00 00 00 00 00 00 00 00 00 00 00 00 18 18 18 18 00 00 00 00 00 00 00 00 00 00 00 00 00 00 00 00 | 0600-03: 00 00 00 00 | 1a64: 00 1700: 03
f00423 nm104 b110 tr273 ti7 se0 init0 fd001 fdd90 e018010=0 d=0600 pc1st=018010 pcLast=018013 | 0100: 00 00 00 00 00 00 00 00 00 00 00 00 18 18 18 18 00 00 00 00 00 00 00 00 00 00 00 00 00 00 00 00 | 0600-03: 00 00 00 00 | 1a64: 00 1700: 03
f00424 nm104 b110 tr273 ti7 se0 init0 fd001 fdd90 e018010=0 d=0600 pc1st=018010 pcLast=018013 | 0100: 00 00 00 00 00 00 00 00 00 00 00 00 18 18 18 18 00 00 00 00 00 00 00 00 00 00 00 00 00 00 00 00 | 0600-03: 00 00 00 00 | 1a64: 00 1700: 03
f00425 nm104 b110 tr273 ti7 se0 init0 fd001 fdd90 e018010=0 d=0600 pc1st=018010 pcLast=018013 | 0100: 00 00 00 00 00 00 00 00 00 00 00 00 18 18 18 18 00 00 00 00 00 00 00 00 00 00 00 00 00 00 00 00 | 0600-03: 00 00 00 00 | 1a64: 00 1700: 03
f00426 nm104 b110 tr273 ti7 se0 init0 fd001 fdd90 e018010=0 d=0600 pc1st=018010 pcLast=018013 | 0100: 00 00 00 00 00 00 00 00 00 00 00 00 18 18 18 18 00 00 00 00 00 00 00 00 00 00 00 00 00 00 00 00 | 0600-03: 00 00 00 00 | 1a64: 00 1700: 03
f00427 nm104 b110 tr273 ti7 se0 init0 fd001 fdd90 e018010=0 d=0600 pc1st=018010 pcLast=018013 | 0100: 00 00 00 00 00 00 00 00 00 00 00 00 18 18 18 18 00 00 00 00 00 00 00 00 00 00 00 00 00 00 00 00 | 0600-03: 00 00 00 00 | 1a64: 00 1700: 03
f00428 nm104 b110 tr273 ti7 se0 init0 fd001 fdd90 e018010=0 d=0600 pc1st=018010 pcLast=018013 | 0100: 00 00 00 00 00 00 00 00 00 00 00 00 18 18 18 18 00 00 00 00 00 00 00 00 00 00 00 00 00 00 00 00 | 0600-03: 00 00 00 00 | 1a64: 00 1700: 03
f00429 nm104 b110 tr273 ti7 se0 init0 fd001 fdd90 e018010=0 d=0600 pc1st=018010 pcLast=018013 | 0100: 00 00 00 00 00 00 00 00 00 00 00 00 18 18 18 18 00 00 00 00 00 00 00 00 00 00 00 00 00 00 00 00 | 0600-03: 00 00 00 00 | 1a64: 00 1700: 03
f00430 nm104 b110 tr273 ti7 se0 init0 fd001 fdd90 e018010=0 d=0600 pc1st=018010 pcLast=018013 | 0100: 00 00 00 00 00 00 00 00 00 00 00 00 18 18 18 18 00 00 00 00 00 00 00 00 00 00 00 00 00 00 00 00 | 0600-03: 00 00 00 00 | 1a64: 00 1700: 03
f00431 nm104 b110 tr273 ti7 se0 init0 fd001 fdd90 e018010=0 d=0600 pc1st=018010 pcLast=018013 | 0100: 00 00 00 00 00 00 00 00 00 00 00 00 18 18 18 18 00 00 00 00 00 00 00 00 00 00 00 00 00 00 00 00 | 0600-03: 00 00 00 00 | 1a64: 00 1700: 03
f00432 nm104 b110 tr273 ti7 se0 init0 fd001 fdd90 e018010=0 d=0600 pc1st=018010 pcLast=018013 | 0100: 00 00 00 00 00 00 00 00 00 00 00 00 18 18 18 18 00 00 00 00 00 00 00 00 00 00 00 00 00 00 00 00 | 0600-03: 00 00 00 00 | 1a64: 00 1700: 03
f00433 nm104 b110 tr273 ti7 se0 init0 fd001 fdd90 e018010=0 d=0600 pc1st=018010 pcLast=018013 | 0100: 00 00 00 00 00 00 00 00 00 00 00 00 18 18 18 18 00 00 00 00 00 00 00 00 00 00 00 00 00 00 00 00 | 0600-03: 00 00 00 00 | 1a64: 00 1700: 03
f00434 nm104 b110 tr273 ti7 se0 init0 fd001 fdd90 e018010=0 d=0600 pc1st=018010 pcLast=018013 | 0100: 00 00 00 00 00 00 00 00 00 00 00 00 18 18 18 18 00 00 00 00 00 00 00 00 00 00 00 00 00 00 00 00 | 0600-03: 00 00 00 00 | 1a64: 00 1700: 03
f00435 nm104 b110 tr273 ti7 se0 init0 fd001 fdd90 e018010=0 d=0600 pc1st=018010 pcLast=018013 | 0100: 00 00 00 00 00 00 00 00 00 00 00 00 18 18 18 18 00 00 00 00 00 00 00 00 00 00 00 00 00 00 00 00 | 0600-03: 00 00 00 00 | 1a64: 00 1700: 03
f00436 nm104 b110 tr273 ti7 se0 init0 fd001 fdd90 e018010=0 d=0600 pc1st=018010 pcLast=018013 | 0100: 00 00 00 00 00 00 00 00 00 00 00 00 18 18 18 18 00 00 00 00 00 00 00 00 00 00 00 00 00 00 00 00 | 0600-03: 00 00 00 00 | 1a64: 00 1700: 03
f00437 nm104 b110 tr273 ti7 se0 init0 fd001 fdd90 e018010=0 d=0600 pc1st=018010 pcLast=018013 | 0100: 00 00 00 00 00 00 00 00 00 00 00 00 18 18 18 18 00 00 00 00 00 00 00 00 00 00 00 00 00 00 00 00 | 0600-03: 00 00 00 00 | 1a64: 00 1700: 03
f00438 nm104 b110 tr273 ti7 se0 init0 fd001 fdd90 e018010=0 d=0600 pc1st=018010 pcLast=018013 | 0100: 00 00 00 00 00 00 00 00 00 00 00 00 18 18 18 18 00 00 00 00 00 00 00 00 00 00 00 00 00 00 00 00 | 0600-03: 00 00 00 00 | 1a64: 00 1700: 03
f00439 nm104 b110 tr273 ti7 se0 init0 fd001 fdd90 e018010=0 d=0600 pc1st=018010 pcLast=018013 | 0100: 00 00 00 00 00 00 00 00 00 00 00 00 18 18 18 18 00 00 00 00 00 00 00 00 00 00 00 00 00 00 00 00 | 0600-03: 00 00 00 00 | 1a64: 00 1700: 03
f00440 nm104 b110 tr273 ti7 se0 init0 fd001 fdd90 e018010=0 d=0600 pc1st=018010 pcLast=018013 | 0100: 00 00 00 00 00 00 00 00 00 00 00 00 18 18 18 18 00 00 00 00 00 00 00 00 00 00 00 00 00 00 00 00 | 0600-03: 00 00 00 00 | 1a64: 00 1700: 03
f00441 nm104 b110 tr273 ti7 se0 init0 fd001 fdd90 e018010=0 d=0600 pc1st=018010 pcLast=018013 | 0100: 00 00 00 00 00 00 00 00 00 00 00 00 18 18 18 18 00 00 00 00 00 00 00 00 00 00 00 00 00 00 00 00 | 0600-03: 00 00 00 00 | 1a64: 00 1700: 03
f00442 nm104 b110 tr273 ti7 se0 init0 fd001 fdd90 e018010=0 d=0600 pc1st=018010 pcLast=018013 | 0100: 00 00 00 00 00 00 00 00 00 00 00 00 18 18 18 18 00 00 00 00 00 00 00 00 00 00 00 00 00 00 00 00 | 0600-03: 00 00 00 00 | 1a64: 00 1700: 03
f00443 nm104 b110 tr273 ti7 se0 init0 fd001 fdd90 e018010=0 d=0600 pc1st=018010 pcLast=018013 | 0100: 00 00 00 00 00 00 00 00 00 00 00 00 18 18 18 18 00 00 00 00 00 00 00 00 00 00 00 00 00 00 00 00 | 0600-03: 00 00 00 00 | 1a64: 00 1700: 03
f00444 nm104 b110 tr273 ti7 se0 init0 fd001 fdd90 e018010=0 d=0600 pc1st=018010 pcLast=018013 | 0100: 00 00 00 00 00 00 00 00 00 00 00 00 18 18 18 18 00 00 00 00 00 00 00 00 00 00 00 00 00 00 00 00 | 0600-03: 00 00 00 00 | 1a64: 00 1700: 03
f00445 nm104 b110 tr273 ti7 se0 init0 fd001 fdd90 e018010=0 d=0600 pc1st=018010 pcLast=018013 | 0100: 00 00 00 00 00 00 00 00 00 00 00 00 18 18 18 18 00 00 00 00 00 00 00 00 00 00 00 00 00 00 00 00 | 0600-03: 00 00 00 00 | 1a64: 00 1700: 03
f00446 nm104 b110 tr273 ti7 se0 init0 fd001 fdd90 e018010=0 d=0600 pc1st=018010 pcLast=018013 | 0100: 00 00 00 00 00 00 00 00 00 00 00 00 18 18 18 18 00 00 00 00 00 00 00 00 00 00 00 00 00 00 00 00 | 0600-03: 00 00 00 00 | 1a64: 00 1700: 03
f00447 nm104 b110 tr273 ti7 se0 init0 fd001 fdd90 e018010=0 d=0600 pc1st=018010 pcLast=018013 | 0100: 00 00 00 00 00 00 00 00 00 00 00 00 18 18 18 18 00 00 00 00 00 00 00 00 00 00 00 00 00 00 00 00 | 0600-03: 00 00 00 00 | 1a64: 00 1700: 03
f00448 nm104 b110 tr273 ti7 se0 init0 fd001 fdd90 e018010=0 d=0600 pc1st=018010 pcLast=018013 | 0100: 00 00 00 00 00 00 00 00 00 00 00 00 18 18 18 18 00 00 00 00 00 00 00 00 00 00 00 00 00 00 00 00 | 0600-03: 00 00 00 00 | 1a64: 00 1700: 03
f00449 nm104 b110 tr273 ti7 se0 init0 fd001 fdd90 e018010=0 d=0600 pc1st=018010 pcLast=018013 | 0100: 00 00 00 00 00 00 00 00 00 00 00 00 18 18 18 18 00 00 00 00 00 00 00 00 00 00 00 00 00 00 00 00 | 0600-03: 00 00 00 00 | 1a64: 00 1700: 03
f00450 nm104 b110 tr273 ti7 se0 init0 fd001 fdd90 e018010=0 d=0600 pc1st=018010 pcLast=018013 | 0100: 00 00 00 00 00 00 00 00 00 00 00 00 18 18 18 18 00 00 00 00 00 00 00 00 00 00 00 00 00 00 00 00 | 0600-03: 00 00 00 00 | 1a64: 00 1700: 03
f00451 nm104 b110 tr273 ti7 se0 init0 fd001 fdd90 e018010=0 d=0600 pc1st=018010 pcLast=018013 | 0100: 00 00 00 00 00 00 00 00 00 00 00 00 18 18 18 18 00 00 00 00 00 00 00 00 00 00 00 00 00 00 00 00 | 0600-03: 00 00 00 00 | 1a64: 00 1700: 03
f00452 nm104 b110 tr273 ti7 se0 init0 fd001 fdd90 e018010=0 d=0600 pc1st=018010 pcLast=018013 | 0100: 00 00 00 00 00 00 00 00 00 00 00 00 18 18 18 18 00 00 00 00 00 00 00 00 00 00 00 00 00 00 00 00 | 0600-03: 00 00 00 00 | 1a64: 00 1700: 03
f00453 nm104 b110 tr273 ti7 se0 init0 fd001 fdd90 e018010=0 d=0600 pc1st=018010 pcLast=018013 | 0100: 00 00 00 00 00 00 00 00 00 00 00 00 18 18 18 18 00 00 00 00 00 00 00 00 00 00 00 00 00 00 00 00 | 0600-03: 00 00 00 00 | 1a64: 00 1700: 03
f00454 nm104 b110 tr273 ti7 se0 init0 fd001 fdd90 e018010=0 d=0600 pc1st=018010 pcLast=018013 | 0100: 00 00 00 00 00 00 00 00 00 00 00 00 18 18 18 18 00 00 00 00 00 00 00 00 00 00 00 00 00 00 00 00 | 0600-03: 00 00 00 00 | 1a64: 00 1700: 03
f00455 nm104 b110 tr273 ti7 se0 init0 fd001 fdd90 e018010=0 d=0600 pc1st=018010 pcLast=018013 | 0100: 00 00 00 00 00 00 00 00 00 00 00 00 18 18 18 18 00 00 00 00 00 00 00 00 00 00 00 00 00 00 00 00 | 0600-03: 00 00 00 00 | 1a64: 00 1700: 03
f00456 nm104 b110 tr273 ti7 se0 init0 fd001 fdd90 e018010=0 d=0600 pc1st=018010 pcLast=018013 | 0100: 00 00 00 00 00 00 00 00 00 00 00 00 18 18 18 18 00 00 00 00 00 00 00 00 00 00 00 00 00 00 00 00 | 0600-03: 00 00 00 00 | 1a64: 00 1700: 03
f00457 nm107 b110 tr273 ti7 se0 init0 fd001 fdd90 e018010=0 d=0600 pc1st=018010 pcLast=018013 | 0100: 00 00 00 00 00 00 00 00 00 00 00 00 18 18 18 18 00 00 00 00 00 00 00 00 00 00 00 00 00 00 00 00 | 0600-03: 00 00 00 00 | 1a64: 00 1700: 03
f00458 nm104 b110 tr273 ti7 se0 init0 fd001 fdd90 e018010=0 d=0600 pc1st=018010 pcLast=018013 | 0100: 00 00 00 00 00 00 00 00 00 00 00 00 18 18 18 18 00 00 00 00 00 00 00 00 00 00 00 00 00 00 00 00 | 0600-03: 00 00 00 00 | 1a64: 00 1700: 03
f00459 nm104 b110 tr273 ti7 se0 init0 fd001 fdd90 e018010=0 d=0600 pc1st=018010 pcLast=018013 | 0100: 00 00 00 00 00 00 00 00 00 00 00 00 18 18 18 18 00 00 00 00 00 00 00 00 00 00 00 00 00 00 00 00 | 0600-03: 00 00 00 00 | 1a64: 00 1700: 03
f00460 nm104 b110 tr273 ti7 se0 init0 fd001 fdd90 e018010=0 d=0600 pc1st=018010 pcLast=018013 | 0100: 00 00 00 00 00 00 00 00 00 00 00 00 18 18 18 18 00 00 00 00 00 00 00 00 00 00 00 00 00 00 00 00 | 0600-03: 00 00 00 00 | 1a64: 00 1700: 03
f00461 nm104 b110 tr273 ti7 se0 init0 fd001 fdd90 e018010=0 d=0600 pc1st=018010 pcLast=018013 | 0100: 00 00 00 00 00 00 00 00 00 00 00 00 18 18 18 18 00 00 00 00 00 00 00 00 00 00 00 00 00 00 00 00 | 0600-03: 00 00 00 00 | 1a64: 00 1700: 03
f00462 nm104 b110 tr273 ti7 se0 init0 fd001 fdd90 e018010=0 d=0600 pc1st=018010 pcLast=018013 | 0100: 00 00 00 00 00 00 00 00 00 00 00 00 18 18 18 18 00 00 00 00 00 00 00 00 00 00 00 00 00 00 00 00 | 0600-03: 00 00 00 00 | 1a64: 00 1700: 03
f00463 nm104 b110 tr273 ti7 se0 init0 fd001 fdd90 e018010=0 d=0600 pc1st=018010 pcLast=018013 | 0100: 00 00 00 00 00 00 00 00 00 00 00 00 18 18 18 18 00 00 00 00 00 00 00 00 00 00 00 00 00 00 00 00 | 0600-03: 00 00 00 00 | 1a64: 00 1700: 03
f00464 nm104 b110 tr273 ti7 se0 init0 fd001 fdd90 e018010=0 d=0600 pc1st=018010 pcLast=018013 | 0100: 00 00 00 00 00 00 00 00 00 00 00 00 18 18 18 18 00 00 00 00 00 00 00 00 00 00 00 00 00 00 00 00 | 0600-03: 00 00 00 00 | 1a64: 00 1700: 03
f00465 nm104 b110 tr273 ti7 se0 init0 fd001 fdd90 e018010=0 d=0600 pc1st=018010 pcLast=018013 | 0100: 00 00 00 00 00 00 00 00 00 00 00 00 18 18 18 18 00 00 00 00 00 00 00 00 00 00 00 00 00 00 00 00 | 0600-03: 00 00 00 00 | 1a64: 00 1700: 03
f00466 nm104 b110 tr273 ti7 se0 init0 fd001 fdd90 e018010=0 d=0600 pc1st=018010 pcLast=018013 | 0100: 00 00 00 00 00 00 00 00 00 00 00 00 18 18 18 18 00 00 00 00 00 00 00 00 00 00 00 00 00 00 00 00 | 0600-03: 00 00 00 00 | 1a64: 00 1700: 03
f00467 nm104 b110 tr273 ti7 se0 init0 fd001 fdd90 e018010=0 d=0600 pc1st=018010 pcLast=018013 | 0100: 00 00 00 00 00 00 00 00 00 00 00 00 18 18 18 18 00 00 00 00 00 00 00 00 00 00 00 00 00 00 00 00 | 0600-03: 00 00 00 00 | 1a64: 00 1700: 03
f00468 nm104 b110 tr273 ti7 se0 init0 fd001 fdd90 e018010=0 d=0600 pc1st=018010 pcLast=018013 | 0100: 00 00 00 00 00 00 00 00 00 00 00 00 18 18 18 18 00 00 00 00 00 00 00 00 00 00 00 00 00 00 00 00 | 0600-03: 00 00 00 00 | 1a64: 00 1700: 03
f00469 nm104 b110 tr273 ti7 se0 init0 fd001 fdd90 e018010=0 d=0600 pc1st=018010 pcLast=018013 | 0100: 00 00 00 00 00 00 00 00 00 00 00 00 18 18 18 18 00 00 00 00 00 00 00 00 00 00 00 00 00 00 00 00 | 0600-03: 00 00 00 00 | 1a64: 00 1700: 03
f00470 nm104 b110 tr273 ti7 se0 init0 fd001 fdd90 e018010=0 d=0600 pc1st=018010 pcLast=018013 | 0100: 00 00 00 00 00 00 00 00 00 00 00 00 18 18 18 18 00 00 00 00 00 00 00 00 00 00 00 00 00 00 00 00 | 0600-03: 00 00 00 00 | 1a64: 00 1700: 03
f00471 nm104 b110 tr273 ti7 se0 init0 fd001 fdd90 e018010=0 d=0600 pc1st=018010 pcLast=018013 | 0100: 00 00 00 00 00 00 00 00 00 00 00 00 18 18 18 18 00 00 00 00 00 00 00 00 00 00 00 00 00 00 00 00 | 0600-03: 00 00 00 00 | 1a64: 00 1700: 03
f00472 nm104 b110 tr273 ti7 se0 init0 fd001 fdd90 e018010=0 d=0600 pc1st=018010 pcLast=018013 | 0100: 00 00 00 00 00 00 00 00 00 00 00 00 18 18 18 18 00 00 00 00 00 00 00 00 00 00 00 00 00 00 00 00 | 0600-03: 00 00 00 00 | 1a64: 00 1700: 03
f00473 nm104 b110 tr273 ti7 se0 init0 fd001 fdd90 e018010=0 d=0600 pc1st=018010 pcLast=018013 | 0100: 00 00 00 00 00 00 00 00 00 00 00 00 18 18 18 18 00 00 00 00 00 00 00 00 00 00 00 00 00 00 00 00 | 0600-03: 00 00 00 00 | 1a64: 00 1700: 03
f00474 nm104 b110 tr273 ti7 se0 init0 fd001 fdd90 e018010=0 d=0600 pc1st=018010 pcLast=018013 | 0100: 00 00 00 00 00 00 00 00 00 00 00 00 18 18 18 18 00 00 00 00 00 00 00 00 00 00 00 00 00 00 00 00 | 0600-03: 00 00 00 00 | 1a64: 00 1700: 03
f00475 nm104 b110 tr273 ti7 se0 init0 fd001 fdd90 e018010=0 d=0600 pc1st=018010 pcLast=018013 | 0100: 00 00 00 00 00 00 00 00 00 00 00 00 18 18 18 18 00 00 00 00 00 00 00 00 00 00 00 00 00 00 00 00 | 0600-03: 00 00 00 00 | 1a64: 00 1700: 03
f00476 nm104 b110 tr273 ti7 se0 init0 fd001 fdd90 e018010=0 d=0600 pc1st=018010 pcLast=018013 | 0100: 00 00 00 00 00 00 00 00 00 00 00 00 18 18 18 18 00 00 00 00 00 00 00 00 00 00 00 00 00 00 00 00 | 0600-03: 00 00 00 00 | 1a64: 00 1700: 03
f00477 nm104 b110 tr273 ti7 se0 init0 fd001 fdd90 e018010=0 d=0600 pc1st=018010 pcLast=018013 | 0100: 00 00 00 00 00 00 00 00 00 00 00 00 18 18 18 18 00 00 00 00 00 00 00 00 00 00 00 00 00 00 00 00 | 0600-03: 00 00 00 00 | 1a64: 00 1700: 03
f00478 nm104 b110 tr273 ti7 se0 init0 fd001 fdd90 e018010=0 d=0600 pc1st=018010 pcLast=018013 | 0100: 00 00 00 00 00 00 00 00 00 00 00 00 18 18 18 18 00 00 00 00 00 00 00 00 00 00 00 00 00 00 00 00 | 0600-03: 00 00 00 00 | 1a64: 00 1700: 03
f00479 nm104 b110 tr273 ti7 se0 init0 fd001 fdd90 e018010=0 d=0600 pc1st=018010 pcLast=018013 | 0100: 00 00 00 00 00 00 00 00 00 00 00 00 18 18 18 18 00 00 00 00 00 00 00 00 00 00 00 00 00 00 00 00 | 0600-03: 00 00 00 00 | 1a64: 00 1700: 03
f00480 nm104 b110 tr273 ti7 se0 init0 fd001 fdd90 e018010=0 d=0600 pc1st=018010 pcLast=018013 | 0100: 00 00 00 00 00 00 00 00 00 00 00 00 18 18 18 18 00 00 00 00 00 00 00 00 00 00 00 00 00 00 00 00 | 0600-03: 00 00 00 00 | 1a64: 00 1700: 03
f00481 nm104 b110 tr273 ti7 se0 init0 fd001 fdd90 e018010=0 d=0600 pc1st=018010 pcLast=018013 | 0100: 00 00 00 00 00 00 00 00 00 00 00 00 18 18 18 18 00 00 00 00 00 00 00 00 00 00 00 00 00 00 00 00 | 0600-03: 00 00 00 00 | 1a64: 00 1700: 03
f00482 nm104 b110 tr273 ti7 se0 init0 fd001 fdd90 e018010=0 d=0600 pc1st=018010 pcLast=018013 | 0100: 00 00 00 00 00 00 00 00 00 00 00 00 18 18 18 18 00 00 00 00 00 00 00 00 00 00 00 00 00 00 00 00 | 0600-03: 00 00 00 00 | 1a64: 00 1700: 03
f00483 nm104 b110 tr273 ti7 se0 init0 fd001 fdd90 e018010=0 d=0600 pc1st=018010 pcLast=018013 | 0100: 00 00 00 00 00 00 00 00 00 00 00 00 18 18 18 18 00 00 00 00 00 00 00 00 00 00 00 00 00 00 00 00 | 0600-03: 00 00 00 00 | 1a64: 00 1700: 03
f00484 nm104 b110 tr273 ti7 se0 init0 fd001 fdd90 e018010=0 d=0600 pc1st=018010 pcLast=018013 | 0100: 00 00 00 00 00 00 00 00 00 00 00 00 18 18 18 18 00 00 00 00 00 00 00 00 00 00 00 00 00 00 00 00 | 0600-03: 00 00 00 00 | 1a64: 00 1700: 03
f00485 nm104 b110 tr273 ti7 se0 init0 fd001 fdd90 e018010=0 d=0600 pc1st=018010 pcLast=018013 | 0100: 00 00 00 00 00 00 00 00 00 00 00 00 18 18 18 18 00 00 00 00 00 00 00 00 00 00 00 00 00 00 00 00 | 0600-03: 00 00 00 00 | 1a64: 00 1700: 03
f00486 nm104 b110 tr273 ti7 se0 init0 fd001 fdd90 e018010=0 d=0600 pc1st=018010 pcLast=018013 | 0100: 00 00 00 00 00 00 00 00 00 00 00 00 18 18 18 18 00 00 00 00 00 00 00 00 00 00 00 00 00 00 00 00 | 0600-03: 00 00 00 00 | 1a64: 00 1700: 03
f00487 nm104 b110 tr273 ti7 se0 init0 fd001 fdd90 e018010=0 d=0600 pc1st=018010 pcLast=018013 | 0100: 00 00 00 00 00 00 00 00 00 00 00 00 18 18 18 18 00 00 00 00 00 00 00 00 00 00 00 00 00 00 00 00 | 0600-03: 00 00 00 00 | 1a64: 00 1700: 03
f00488 nm104 b110 tr273 ti7 se0 init0 fd001 fdd90 e018010=0 d=0600 pc1st=018010 pcLast=018013 | 0100: 00 00 00 00 00 00 00 00 00 00 00 00 18 18 18 18 00 00 00 00 00 00 00 00 00 00 00 00 00 00 00 00 | 0600-03: 00 00 00 00 | 1a64: 00 1700: 03
f00489 nm104 b110 tr273 ti7 se0 init0 fd001 fdd90 e018010=0 d=0600 pc1st=018010 pcLast=018013 | 0100: 00 00 00 00 00 00 00 00 00 00 00 00 18 18 18 18 00 00 00 00 00 00 00 00 00 00 00 00 00 00 00 00 | 0600-03: 00 00 00 00 | 1a64: 00 1700: 03
f00490 nm104 b110 tr273 ti7 se0 init0 fd001 fdd90 e018010=0 d=0600 pc1st=018010 pcLast=018013 | 0100: 00 00 00 00 00 00 00 00 00 00 00 00 18 18 18 18 00 00 00 00 00 00 00 00 00 00 00 00 00 00 00 00 | 0600-03: 00 00 00 00 | 1a64: 00 1700: 03
f00491 nm104 b110 tr273 ti7 se0 init0 fd001 fdd90 e018010=0 d=0600 pc1st=018010 pcLast=018013 | 0100: 00 00 00 00 00 00 00 00 00 00 00 00 18 18 18 18 00 00 00 00 00 00 00 00 00 00 00 00 00 00 00 00 | 0600-03: 00 00 00 00 | 1a64: 00 1700: 03
f00492 nm104 b110 tr273 ti7 se0 init0 fd001 fdd90 e018010=0 d=0600 pc1st=018010 pcLast=018013 | 0100: 00 00 00 00 00 00 00 00 00 00 00 00 18 18 18 18 00 00 00 00 00 00 00 00 00 00 00 00 00 00 00 00 | 0600-03: 00 00 00 00 | 1a64: 00 1700: 03
f00493 nm104 b110 tr273 ti7 se0 init0 fd001 fdd90 e018010=0 d=0600 pc1st=018010 pcLast=018013 | 0100: 00 00 00 00 00 00 00 00 00 00 00 00 18 18 18 18 00 00 00 00 00 00 00 00 00 00 00 00 00 00 00 00 | 0600-03: 00 00 00 00 | 1a64: 00 1700: 03
f00494 nm104 b110 tr273 ti7 se0 init0 fd001 fdd90 e018010=0 d=0600 pc1st=018010 pcLast=018013 | 0100: 00 00 00 00 00 00 00 00 00 00 00 00 18 18 18 18 00 00 00 00 00 00 00 00 00 00 00 00 00 00 00 00 | 0600-03: 00 00 00 00 | 1a64: 00 1700: 03
f00495 nm104 b110 tr273 ti7 se0 init0 fd001 fdd90 e018010=0 d=0600 pc1st=018010 pcLast=018013 | 0100: 00 00 00 00 00 00 00 00 00 00 00 00 18 18 18 18 00 00 00 00 00 00 00 00 00 00 00 00 00 00 00 00 | 0600-03: 00 00 00 00 | 1a64: 00 1700: 03
f00496 nm104 b110 tr273 ti7 se0 init0 fd001 fdd90 e018010=0 d=0600 pc1st=018010 pcLast=018013 | 0100: 00 00 00 00 00 00 00 00 00 00 00 00 18 18 18 18 00 00 00 00 00 00 00 00 00 00 00 00 00 00 00 00 | 0600-03: 00 00 00 00 | 1a64: 00 1700: 03
f00497 nm104 b110 tr273 ti7 se0 init0 fd001 fdd90 e018010=0 d=0600 pc1st=018010 pcLast=018013 | 0100: 00 00 00 00 00 00 00 00 00 00 00 00 18 18 18 18 00 00 00 00 00 00 00 00 00 00 00 00 00 00 00 00 | 0600-03: 00 00 00 00 | 1a64: 00 1700: 03
f00498 nm104 b110 tr273 ti7 se0 init0 fd001 fdd90 e018010=0 d=0600 pc1st=018010 pcLast=018013 | 0100: 00 00 00 00 00 00 00 00 00 00 00 00 18 18 18 18 00 00 00 00 00 00 00 00 00 00 00 00 00 00 00 00 | 0600-03: 00 00 00 00 | 1a64: 00 1700: 03
f00499 nm104 b110 tr273 ti7 se0 init0 fd001 fdd90 e018010=0 d=0600 pc1st=018010 pcLast=018013 | 0100: 00 00 00 00 00 00 00 00 00 00 00 00 18 18 18 18 00 00 00 00 00 00 00 00 00 00 00 00 00 00 00 00 | 0600-03: 00 00 00 00 | 1a64: 00 1700: 03
f00500 nm104 b110 tr273 ti7 se0 init0 fd001 fdd90 e018010=0 d=0600 pc1st=018010 pcLast=018013 | 0100: 00 00 00 00 00 00 00 00 00 00 00 00 18 18 18 18 00 00 00 00 00 00 00 00 00 00 00 00 00 00 00 00 | 0600-03: 00 00 00 00 | 1a64: 00 1700: 03
f00501 nm104 b110 tr273 ti7 se0 init0 fd001 fdd90 e018010=0 d=0600 pc1st=018010 pcLast=018013 | 0100: 00 00 00 00 00 00 00 00 00 00 00 00 18 18 18 18 00 00 00 00 00 00 00 00 00 00 00 00 00 00 00 00 | 0600-03: 00 00 00 00 | 1a64: 00 1700: 03
f00502 nm104 b110 tr273 ti7 se0 init0 fd001 fdd90 e018010=0 d=0600 pc1st=018010 pcLast=018013 | 0100: 00 00 00 00 00 00 00 00 00 00 00 00 18 18 18 18 00 00 00 00 00 00 00 00 00 00 00 00 00 00 00 00 | 0600-03: 00 00 00 00 | 1a64: 00 1700: 03
f00503 nm104 b110 tr273 ti7 se0 init0 fd001 fdd90 e018010=0 d=0600 pc1st=018010 pcLast=018013 | 0100: 00 00 00 00 00 00 00 00 00 00 00 00 18 18 18 18 00 00 00 00 00 00 00 00 00 00 00 00 00 00 00 00 | 0600-03: 00 00 00 00 | 1a64: 00 1700: 03
f00504 nm104 b110 tr273 ti7 se0 init0 fd001 fdd90 e018010=0 d=0600 pc1st=018010 pcLast=018013 | 0100: 00 00 00 00 00 00 00 00 00 00 00 00 18 18 18 18 00 00 00 00 00 00 00 00 00 00 00 00 00 00 00 00 | 0600-03: 00 00 00 00 | 1a64: 00 1700: 03
f00505 nm104 b110 tr273 ti7 se0 init0 fd001 fdd90 e018010=0 d=0600 pc1st=018010 pcLast=018013 | 0100: 00 00 00 00 00 00 00 00 00 00 00 00 18 18 18 18 00 00 00 00 00 00 00 00 00 00 00 00 00 00 00 00 | 0600-03: 00 00 00 00 | 1a64: 00 1700: 03
f00506 nm104 b110 tr273 ti7 se0 init0 fd001 fdd90 e018010=0 d=0600 pc1st=018010 pcLast=018013 | 0100: 00 00 00 00 00 00 00 00 00 00 00 00 18 18 18 18 00 00 00 00 00 00 00 00 00 00 00 00 00 00 00 00 | 0600-03: 00 00 00 00 | 1a64: 00 1700: 03
f00507 nm104 b110 tr273 ti7 se0 init0 fd001 fdd90 e018010=0 d=0600 pc1st=018010 pcLast=018013 | 0100: 00 00 00 00 00 00 00 00 00 00 00 00 18 18 18 18 00 00 00 00 00 00 00 00 00 00 00 00 00 00 00 00 | 0600-03: 00 00 00 00 | 1a64: 00 1700: 03
f00508 nm104 b110 tr273 ti7 se0 init0 fd001 fdd90 e018010=0 d=0600 pc1st=018010 pcLast=018013 | 0100: 00 00 00 00 00 00 00 00 00 00 00 00 18 18 18 18 00 00 00 00 00 00 00 00 00 00 00 00 00 00 00 00 | 0600-03: 00 00 00 00 | 1a64: 00 1700: 03
f00509 nm104 b110 tr273 ti7 se0 init0 fd001 fdd90 e018010=0 d=0600 pc1st=018010 pcLast=018013 | 0100: 00 00 00 00 00 00 00 00 00 00 00 00 18 18 18 18 00 00 00 00 00 00 00 00 00 00 00 00 00 00 00 00 | 0600-03: 00 00 00 00 | 1a64: 00 1700: 03
f00510 nm104 b110 tr273 ti7 se0 init0 fd001 fdd90 e018010=0 d=0600 pc1st=018010 pcLast=018013 | 0100: 00 00 00 00 00 00 00 00 00 00 00 00 18 18 18 18 00 00 00 00 00 00 00 00 00 00 00 00 00 00 00 00 | 0600-03: 00 00 00 00 | 1a64: 00 1700: 03
f00511 nm104 b110 tr273 ti7 se0 init0 fd001 fdd90 e018010=0 d=0600 pc1st=018010 pcLast=018013 | 0100: 00 00 00 00 00 00 00 00 00 00 00 00 18 18 18 18 00 00 00 00 00 00 00 00 00 00 00 00 00 00 00 00 | 0600-03: 00 00 00 00 | 1a64: 00 1700: 03
f00512 nm104 b110 tr273 ti7 se0 init0 fd001 fdd90 e018010=0 d=0600 pc1st=018010 pcLast=018013 | 0100: 00 00 00 00 00 00 00 00 00 00 00 00 18 18 18 18 00 00 00 00 00 00 00 00 00 00 00 00 00 00 00 00 | 0600-03: 00 00 00 00 | 1a64: 00 1700: 03
f00513 nm104 b110 tr273 ti7 se0 init0 fd001 fdd90 e018010=0 d=0600 pc1st=018010 pcLast=018013 | 0100: 00 00 00 00 00 00 00 00 00 00 00 00 18 18 18 18 00 00 00 00 00 00 00 00 00 00 00 00 00 00 00 00 | 0600-03: 00 00 00 00 | 1a64: 00 1700: 03
f00514 nm104 b110 tr273 ti7 se0 init0 fd001 fdd90 e018010=0 d=0600 pc1st=018010 pcLast=018013 | 0100: 00 00 00 00 00 00 00 00 00 00 00 00 18 18 18 18 00 00 00 00 00 00 00 00 00 00 00 00 00 00 00 00 | 0600-03: 00 00 00 00 | 1a64: 00 1700: 03
f00515 nm104 b110 tr273 ti7 se0 init0 fd001 fdd90 e018010=0 d=0600 pc1st=018010 pcLast=018013 | 0100: 00 00 00 00 00 00 00 00 00 00 00 00 18 18 18 18 00 00 00 00 00 00 00 00 00 00 00 00 00 00 00 00 | 0600-03: 00 00 00 00 | 1a64: 00 1700: 03
f00516 nm104 b110 tr273 ti7 se0 init0 fd001 fdd90 e018010=0 d=0600 pc1st=018010 pcLast=018013 | 0100: 00 00 00 00 00 00 00 00 00 00 00 00 18 18 18 18 00 00 00 00 00 00 00 00 00 00 00 00 00 00 00 00 | 0600-03: 00 00 00 00 | 1a64: 00 1700: 03
f00517 nm107 b110 tr273 ti7 se0 init0 fd001 fdd90 e018010=0 d=0600 pc1st=018010 pcLast=018013 | 0100: 00 00 00 00 00 00 00 00 00 00 00 00 18 18 18 18 00 00 00 00 00 00 00 00 00 00 00 00 00 00 00 00 | 0600-03: 00 00 00 00 | 1a64: 00 1700: 03
f00518 nm104 b110 tr273 ti7 se0 init0 fd001 fdd90 e018010=0 d=0600 pc1st=018010 pcLast=018013 | 0100: 00 00 00 00 00 00 00 00 00 00 00 00 18 18 18 18 00 00 00 00 00 00 00 00 00 00 00 00 00 00 00 00 | 0600-03: 00 00 00 00 | 1a64: 00 1700: 03
f00519 nm104 b110 tr273 ti7 se0 init0 fd001 fdd90 e018010=0 d=0600 pc1st=018010 pcLast=018013 | 0100: 00 00 00 00 00 00 00 00 00 00 00 00 18 18 18 18 00 00 00 00 00 00 00 00 00 00 00 00 00 00 00 00 | 0600-03: 00 00 00 00 | 1a64: 00 1700: 03
f00520 nm104 b110 tr273 ti7 se0 init0 fd001 fdd90 e018010=0 d=0600 pc1st=018010 pcLast=018013 | 0100: 00 00 00 00 00 00 00 00 00 00 00 00 18 18 18 18 00 00 00 00 00 00 00 00 00 00 00 00 00 00 00 00 | 0600-03: 00 00 00 00 | 1a64: 00 1700: 03
f00521 nm104 b110 tr273 ti7 se0 init0 fd001 fdd90 e018010=0 d=0600 pc1st=018010 pcLast=018013 | 0100: 00 00 00 00 00 00 00 00 00 00 00 00 18 18 18 18 00 00 00 00 00 00 00 00 00 00 00 00 00 00 00 00 | 0600-03: 00 00 00 00 | 1a64: 00 1700: 03
f00522 nm104 b110 tr273 ti7 se0 init0 fd001 fdd90 e018010=0 d=0600 pc1st=018010 pcLast=018013 | 0100: 00 00 00 00 00 00 00 00 00 00 00 00 18 18 18 18 00 00 00 00 00 00 00 00 00 00 00 00 00 00 00 00 | 0600-03: 00 00 00 00 | 1a64: 00 1700: 03
f00523 nm104 b110 tr273 ti7 se0 init0 fd001 fdd90 e018010=0 d=0600 pc1st=018010 pcLast=018013 | 0100: 00 00 00 00 00 00 00 00 00 00 00 00 18 18 18 18 00 00 00 00 00 00 00 00 00 00 00 00 00 00 00 00 | 0600-03: 00 00 00 00 | 1a64: 00 1700: 03
f00524 nm104 b110 tr273 ti7 se0 init0 fd001 fdd90 e018010=0 d=0600 pc1st=018010 pcLast=018013 | 0100: 00 00 00 00 00 00 00 00 00 00 00 00 18 18 18 18 00 00 00 00 00 00 00 00 00 00 00 00 00 00 00 00 | 0600-03: 00 00 00 00 | 1a64: 00 1700: 03
f00525 nm104 b110 tr273 ti7 se0 init0 fd001 fdd90 e018010=0 d=0600 pc1st=018010 pcLast=018013 | 0100: 00 00 00 00 00 00 00 00 00 00 00 00 18 18 18 18 00 00 00 00 00 00 00 00 00 00 00 00 00 00 00 00 | 0600-03: 00 00 00 00 | 1a64: 00 1700: 03
f00526 nm104 b110 tr273 ti7 se0 init0 fd001 fdd90 e018010=0 d=0600 pc1st=018010 pcLast=018013 | 0100: 00 00 00 00 00 00 00 00 00 00 00 00 18 18 18 18 00 00 00 00 00 00 00 00 00 00 00 00 00 00 00 00 | 0600-03: 00 00 00 00 | 1a64: 00 1700: 03
f00527 nm104 b110 tr273 ti7 se0 init0 fd001 fdd90 e018010=0 d=0600 pc1st=018010 pcLast=018013 | 0100: 00 00 00 00 00 00 00 00 00 00 00 00 18 18 18 18 00 00 00 00 00 00 00 00 00 00 00 00 00 00 00 00 | 0600-03: 00 00 00 00 | 1a64: 00 1700: 03
f00528 nm104 b110 tr273 ti7 se0 init0 fd001 fdd90 e018010=0 d=0600 pc1st=018010 pcLast=018013 | 0100: 00 00 00 00 00 00 00 00 00 00 00 00 18 18 18 18 00 00 00 00 00 00 00 00 00 00 00 00 00 00 00 00 | 0600-03: 00 00 00 00 | 1a64: 00 1700: 03
f00529 nm104 b110 tr273 ti7 se0 init0 fd001 fdd90 e018010=0 d=0600 pc1st=018010 pcLast=018013 | 0100: 00 00 00 00 00 00 00 00 00 00 00 00 18 18 18 18 00 00 00 00 00 00 00 00 00 00 00 00 00 00 00 00 | 0600-03: 00 00 00 00 | 1a64: 00 1700: 03
f00530 nm104 b110 tr273 ti7 se0 init0 fd001 fdd90 e018010=0 d=0600 pc1st=018010 pcLast=018013 | 0100: 00 00 00 00 00 00 00 00 00 00 00 00 18 18 18 18 00 00 00 00 00 00 00 00 00 00 00 00 00 00 00 00 | 0600-03: 00 00 00 00 | 1a64: 00 1700: 03
f00531 nm104 b110 tr273 ti7 se0 init0 fd001 fdd90 e018010=0 d=0600 pc1st=018010 pcLast=018013 | 0100: 00 00 00 00 00 00 00 00 00 00 00 00 18 18 18 18 00 00 00 00 00 00 00 00 00 00 00 00 00 00 00 00 | 0600-03: 00 00 00 00 | 1a64: 00 1700: 03
f00532 nm104 b110 tr273 ti7 se0 init0 fd001 fdd90 e018010=0 d=0600 pc1st=018010 pcLast=018013 | 0100: 00 00 00 00 00 00 00 00 00 00 00 00 18 18 18 18 00 00 00 00 00 00 00 00 00 00 00 00 00 00 00 00 | 0600-03: 00 00 00 00 | 1a64: 00 1700: 03
f00533 nm104 b110 tr273 ti7 se0 init0 fd001 fdd90 e018010=0 d=0600 pc1st=018010 pcLast=018013 | 0100: 00 00 00 00 00 00 00 00 00 00 00 00 18 18 18 18 00 00 00 00 00 00 00 00 00 00 00 00 00 00 00 00 | 0600-03: 00 00 00 00 | 1a64: 00 1700: 03
f00534 nm104 b110 tr273 ti7 se0 init0 fd001 fdd90 e018010=0 d=0600 pc1st=018010 pcLast=018013 | 0100: 00 00 00 00 00 00 00 00 00 00 00 00 18 18 18 18 00 00 00 00 00 00 00 00 00 00 00 00 00 00 00 00 | 0600-03: 00 00 00 00 | 1a64: 00 1700: 03
f00535 nm104 b110 tr273 ti7 se0 init0 fd001 fdd90 e018010=0 d=0600 pc1st=018010 pcLast=018013 | 0100: 00 00 00 00 00 00 00 00 00 00 00 00 18 18 18 18 00 00 00 00 00 00 00 00 00 00 00 00 00 00 00 00 | 0600-03: 00 00 00 00 | 1a64: 00 1700: 03
f00536 nm104 b110 tr273 ti7 se0 init0 fd001 fdd90 e018010=0 d=0600 pc1st=018010 pcLast=018013 | 0100: 00 00 00 00 00 00 00 00 00 00 00 00 18 18 18 18 00 00 00 00 00 00 00 00 00 00 00 00 00 00 00 00 | 0600-03: 00 00 00 00 | 1a64: 00 1700: 03
f00537 nm104 b110 tr273 ti7 se0 init0 fd001 fdd90 e018010=0 d=0600 pc1st=018010 pcLast=018013 | 0100: 00 00 00 00 00 00 00 00 00 00 00 00 18 18 18 18 00 00 00 00 00 00 00 00 00 00 00 00 00 00 00 00 | 0600-03: 00 00 00 00 | 1a64: 00 1700: 03
f00538 nm104 b110 tr273 ti7 se0 init0 fd001 fdd90 e018010=0 d=0600 pc1st=018010 pcLast=018013 | 0100: 00 00 00 00 00 00 00 00 00 00 00 00 18 18 18 18 00 00 00 00 00 00 00 00 00 00 00 00 00 00 00 00 | 0600-03: 00 00 00 00 | 1a64: 00 1700: 03
f00539 nm104 b110 tr273 ti7 se0 init0 fd001 fdd90 e018010=0 d=0600 pc1st=018010 pcLast=018013 | 0100: 00 00 00 00 00 00 00 00 00 00 00 00 18 18 18 18 00 00 00 00 00 00 00 00 00 00 00 00 00 00 00 00 | 0600-03: 00 00 00 00 | 1a64: 00 1700: 03
f00540 nm104 b110 tr273 ti7 se0 init0 fd001 fdd90 e018010=0 d=0600 pc1st=018010 pcLast=018013 | 0100: 00 00 00 00 00 00 00 00 00 00 00 00 18 18 18 18 00 00 00 00 00 00 00 00 00 00 00 00 00 00 00 00 | 0600-03: 00 00 00 00 | 1a64: 00 1700: 03
f00541 nm104 b110 tr273 ti7 se0 init0 fd001 fdd90 e018010=0 d=0600 pc1st=018010 pcLast=018013 | 0100: 00 00 00 00 00 00 00 00 00 00 00 00 18 18 18 18 00 00 00 00 00 00 00 00 00 00 00 00 00 00 00 00 | 0600-03: 00 00 00 00 | 1a64: 00 1700: 03
f00542 nm104 b110 tr273 ti7 se0 init0 fd001 fdd90 e018010=0 d=0600 pc1st=018010 pcLast=018013 | 0100: 00 00 00 00 00 00 00 00 00 00 00 00 18 18 18 18 00 00 00 00 00 00 00 00 00 00 00 00 00 00 00 00 | 0600-03: 00 00 00 00 | 1a64: 00 1700: 03
f00543 nm104 b110 tr273 ti7 se0 init0 fd001 fdd90 e018010=0 d=0600 pc1st=018010 pcLast=018013 | 0100: 00 00 00 00 00 00 00 00 00 00 00 00 18 18 18 18 00 00 00 00 00 00 00 00 00 00 00 00 00 00 00 00 | 0600-03: 00 00 00 00 | 1a64: 00 1700: 03
f00544 nm104 b110 tr273 ti7 se0 init0 fd001 fdd90 e018010=0 d=0600 pc1st=018010 pcLast=018013 | 0100: 00 00 00 00 00 00 00 00 00 00 00 00 18 18 18 18 00 00 00 00 00 00 00 00 00 00 00 00 00 00 00 00 | 0600-03: 00 00 00 00 | 1a64: 00 1700: 03
f00545 nm104 b110 tr273 ti7 se0 init0 fd001 fdd90 e018010=0 d=0600 pc1st=018010 pcLast=018013 | 0100: 00 00 00 00 00 00 00 00 00 00 00 00 18 18 18 18 00 00 00 00 00 00 00 00 00 00 00 00 00 00 00 00 | 0600-03: 00 00 00 00 | 1a64: 00 1700: 03
f00546 nm104 b110 tr273 ti7 se0 init0 fd001 fdd90 e018010=0 d=0600 pc1st=018010 pcLast=018013 | 0100: 00 00 00 00 00 00 00 00 00 00 00 00 18 18 18 18 00 00 00 00 00 00 00 00 00 00 00 00 00 00 00 00 | 0600-03: 00 00 00 00 | 1a64: 00 1700: 03
f00547 nm104 b110 tr273 ti7 se0 init0 fd001 fdd90 e018010=0 d=0600 pc1st=018010 pcLast=018013 | 0100: 00 00 00 00 00 00 00 00 00 00 00 00 18 18 18 18 00 00 00 00 00 00 00 00 00 00 00 00 00 00 00 00 | 0600-03: 00 00 00 00 | 1a64: 00 1700: 03
f00548 nm104 b110 tr273 ti7 se0 init0 fd001 fdd90 e018010=0 d=0600 pc1st=018010 pcLast=018013 | 0100: 00 00 00 00 00 00 00 00 00 00 00 00 18 18 18 18 00 00 00 00 00 00 00 00 00 00 00 00 00 00 00 00 | 0600-03: 00 00 00 00 | 1a64: 00 1700: 03
f00549 nm104 b110 tr273 ti7 se0 init0 fd001 fdd90 e018010=0 d=0600 pc1st=018010 pcLast=018013 | 0100: 00 00 00 00 00 00 00 00 00 00 00 00 18 18 18 18 00 00 00 00 00 00 00 00 00 00 00 00 00 00 00 00 | 0600-03: 00 00 00 00 | 1a64: 00 1700: 03
f00550 nm104 b110 tr273 ti7 se0 init0 fd001 fdd90 e018010=0 d=0600 pc1st=018010 pcLast=018013 | 0100: 00 00 00 00 00 00 00 00 00 00 00 00 18 18 18 18 00 00 00 00 00 00 00 00 00 00 00 00 00 00 00 00 | 0600-03: 00 00 00 00 | 1a64: 00 1700: 03
f00551 nm104 b110 tr273 ti7 se0 init0 fd001 fdd90 e018010=0 d=0600 pc1st=018010 pcLast=018013 | 0100: 00 00 00 00 00 00 00 00 00 00 00 00 18 18 18 18 00 00 00 00 00 00 00 00 00 00 00 00 00 00 00 00 | 0600-03: 00 00 00 00 | 1a64: 00 1700: 03
f00552 nm104 b110 tr273 ti7 se0 init0 fd001 fdd90 e018010=0 d=0600 pc1st=018010 pcLast=018013 | 0100: 00 00 00 00 00 00 00 00 00 00 00 00 18 18 18 18 00 00 00 00 00 00 00 00 00 00 00 00 00 00 00 00 | 0600-03: 00 00 00 00 | 1a64: 00 1700: 03
f00553 nm104 b110 tr273 ti7 se0 init0 fd001 fdd90 e018010=0 d=0600 pc1st=018010 pcLast=018013 | 0100: 00 00 00 00 00 00 00 00 00 00 00 00 18 18 18 18 00 00 00 00 00 00 00 00 00 00 00 00 00 00 00 00 | 0600-03: 00 00 00 00 | 1a64: 00 1700: 03
f00554 nm104 b110 tr273 ti7 se0 init0 fd001 fdd90 e018010=0 d=0600 pc1st=018010 pcLast=018013 | 0100: 00 00 00 00 00 00 00 00 00 00 00 00 18 18 18 18 00 00 00 00 00 00 00 00 00 00 00 00 00 00 00 00 | 0600-03: 00 00 00 00 | 1a64: 00 1700: 03
f00555 nm104 b110 tr273 ti7 se0 init0 fd001 fdd90 e018010=0 d=0600 pc1st=018010 pcLast=018013 | 0100: 00 00 00 00 00 00 00 00 00 00 00 00 18 18 18 18 00 00 00 00 00 00 00 00 00 00 00 00 00 00 00 00 | 0600-03: 00 00 00 00 | 1a64: 00 1700: 03
f00556 nm104 b110 tr273 ti7 se0 init0 fd001 fdd90 e018010=0 d=0600 pc1st=018010 pcLast=018013 | 0100: 00 00 00 00 00 00 00 00 00 00 00 00 18 18 18 18 00 00 00 00 00 00 00 00 00 00 00 00 00 00 00 00 | 0600-03: 00 00 00 00 | 1a64: 00 1700: 03
f00557 nm104 b110 tr273 ti7 se0 init0 fd001 fdd90 e018010=0 d=0600 pc1st=018010 pcLast=018013 | 0100: 00 00 00 00 00 00 00 00 00 00 00 00 18 18 18 18 00 00 00 00 00 00 00 00 00 00 00 00 00 00 00 00 | 0600-03: 00 00 00 00 | 1a64: 00 1700: 03
f00558 nm104 b110 tr273 ti7 se0 init0 fd001 fdd90 e018010=0 d=0600 pc1st=018010 pcLast=018013 | 0100: 00 00 00 00 00 00 00 00 00 00 00 00 18 18 18 18 00 00 00 00 00 00 00 00 00 00 00 00 00 00 00 00 | 0600-03: 00 00 00 00 | 1a64: 00 1700: 03
f00559 nm104 b110 tr273 ti7 se0 init0 fd001 fdd90 e018010=0 d=0600 pc1st=018010 pcLast=018013 | 0100: 00 00 00 00 00 00 00 00 00 00 00 00 18 18 18 18 00 00 00 00 00 00 00 00 00 00 00 00 00 00 00 00 | 0600-03: 00 00 00 00 | 1a64: 00 1700: 03
f00560 nm104 b110 tr273 ti7 se0 init0 fd001 fdd90 e018010=0 d=0600 pc1st=018010 pcLast=018013 | 0100: 00 00 00 00 00 00 00 00 00 00 00 00 18 18 18 18 00 00 00 00 00 00 00 00 00 00 00 00 00 00 00 00 | 0600-03: 00 00 00 00 | 1a64: 00 1700: 03
f00561 nm104 b110 tr273 ti7 se0 init0 fd001 fdd90 e018010=0 d=0600 pc1st=018010 pcLast=018013 | 0100: 00 00 00 00 00 00 00 00 00 00 00 00 18 18 18 18 00 00 00 00 00 00 00 00 00 00 00 00 00 00 00 00 | 0600-03: 00 00 00 00 | 1a64: 00 1700: 03
f00562 nm104 b110 tr273 ti7 se0 init0 fd001 fdd90 e018010=0 d=0600 pc1st=018010 pcLast=018013 | 0100: 00 00 00 00 00 00 00 00 00 00 00 00 18 18 18 18 00 00 00 00 00 00 00 00 00 00 00 00 00 00 00 00 | 0600-03: 00 00 00 00 | 1a64: 00 1700: 03
f00563 nm104 b110 tr273 ti7 se0 init0 fd001 fdd90 e018010=0 d=0600 pc1st=018010 pcLast=018013 | 0100: 00 00 00 00 00 00 00 00 00 00 00 00 18 18 18 18 00 00 00 00 00 00 00 00 00 00 00 00 00 00 00 00 | 0600-03: 00 00 00 00 | 1a64: 00 1700: 03
f00564 nm104 b110 tr273 ti7 se0 init0 fd001 fdd90 e018010=0 d=0600 pc1st=018010 pcLast=018013 | 0100: 00 00 00 00 00 00 00 00 00 00 00 00 18 18 18 18 00 00 00 00 00 00 00 00 00 00 00 00 00 00 00 00 | 0600-03: 00 00 00 00 | 1a64: 00 1700: 03
f00565 nm104 b110 tr273 ti7 se0 init0 fd001 fdd90 e018010=0 d=0600 pc1st=018010 pcLast=018013 | 0100: 00 00 00 00 00 00 00 00 00 00 00 00 18 18 18 18 00 00 00 00 00 00 00 00 00 00 00 00 00 00 00 00 | 0600-03: 00 00 00 00 | 1a64: 00 1700: 03
f00566 nm104 b110 tr273 ti7 se0 init0 fd001 fdd90 e018010=0 d=0600 pc1st=018010 pcLast=018013 | 0100: 00 00 00 00 00 00 00 00 00 00 00 00 18 18 18 18 00 00 00 00 00 00 00 00 00 00 00 00 00 00 00 00 | 0600-03: 00 00 00 00 | 1a64: 00 1700: 03
f00567 nm104 b110 tr273 ti7 se0 init0 fd001 fdd90 e018010=0 d=0600 pc1st=018010 pcLast=018013 | 0100: 00 00 00 00 00 00 00 00 00 00 00 00 18 18 18 18 00 00 00 00 00 00 00 00 00 00 00 00 00 00 00 00 | 0600-03: 00 00 00 00 | 1a64: 00 1700: 03
f00568 nm104 b110 tr273 ti7 se0 init0 fd001 fdd90 e018010=0 d=0600 pc1st=018010 pcLast=018013 | 0100: 00 00 00 00 00 00 00 00 00 00 00 00 18 18 18 18 00 00 00 00 00 00 00 00 00 00 00 00 00 00 00 00 | 0600-03: 00 00 00 00 | 1a64: 00 1700: 03
f00569 nm104 b110 tr273 ti7 se0 init0 fd001 fdd90 e018010=0 d=0600 pc1st=018010 pcLast=018013 | 0100: 00 00 00 00 00 00 00 00 00 00 00 00 18 18 18 18 00 00 00 00 00 00 00 00 00 00 00 00 00 00 00 00 | 0600-03: 00 00 00 00 | 1a64: 00 1700: 03
f00570 nm104 b110 tr273 ti7 se0 init0 fd001 fdd90 e018010=0 d=0600 pc1st=018010 pcLast=018013 | 0100: 00 00 00 00 00 00 00 00 00 00 00 00 18 18 18 18 00 00 00 00 00 00 00 00 00 00 00 00 00 00 00 00 | 0600-03: 00 00 00 00 | 1a64: 00 1700: 03
f00571 nm104 b110 tr273 ti7 se0 init0 fd001 fdd90 e018010=0 d=0600 pc1st=018010 pcLast=018013 | 0100: 00 00 00 00 00 00 00 00 00 00 00 00 18 18 18 18 00 00 00 00 00 00 00 00 00 00 00 00 00 00 00 00 | 0600-03: 00 00 00 00 | 1a64: 00 1700: 03
f00572 nm104 b110 tr273 ti7 se0 init0 fd001 fdd90 e018010=0 d=0600 pc1st=018010 pcLast=018013 | 0100: 00 00 00 00 00 00 00 00 00 00 00 00 18 18 18 18 00 00 00 00 00 00 00 00 00 00 00 00 00 00 00 00 | 0600-03: 00 00 00 00 | 1a64: 00 1700: 03
f00573 nm104 b110 tr273 ti7 se0 init0 fd001 fdd90 e018010=0 d=0600 pc1st=018010 pcLast=018013 | 0100: 00 00 00 00 00 00 00 00 00 00 00 00 18 18 18 18 00 00 00 00 00 00 00 00 00 00 00 00 00 00 00 00 | 0600-03: 00 00 00 00 | 1a64: 00 1700: 03
f00574 nm104 b110 tr273 ti7 se0 init0 fd001 fdd90 e018010=0 d=0600 pc1st=018010 pcLast=018013 | 0100: 00 00 00 00 00 00 00 00 00 00 00 00 18 18 18 18 00 00 00 00 00 00 00 00 00 00 00 00 00 00 00 00 | 0600-03: 00 00 00 00 | 1a64: 00 1700: 03
f00575 nm104 b110 tr273 ti7 se0 init0 fd001 fdd90 e018010=0 d=0600 pc1st=018010 pcLast=018013 | 0100: 00 00 00 00 00 00 00 00 00 00 00 00 18 18 18 18 00 00 00 00 00 00 00 00 00 00 00 00 00 00 00 00 | 0600-03: 00 00 00 00 | 1a64: 00 1700: 03
f00576 nm104 b110 tr273 ti7 se0 init0 fd001 fdd90 e018010=0 d=0600 pc1st=018010 pcLast=018013 | 0100: 00 00 00 00 00 00 00 00 00 00 00 00 18 18 18 18 00 00 00 00 00 00 00 00 00 00 00 00 00 00 00 00 | 0600-03: 00 00 00 00 | 1a64: 00 1700: 03
f00577 nm107 b110 tr273 ti7 se0 init0 fd001 fdd90 e018010=0 d=0600 pc1st=018010 pcLast=018013 | 0100: 00 00 00 00 00 00 00 00 00 00 00 00 18 18 18 18 00 00 00 00 00 00 00 00 00 00 00 00 00 00 00 00 | 0600-03: 00 00 00 00 | 1a64: 00 1700: 03
f00578 nm104 b110 tr273 ti7 se0 init0 fd001 fdd90 e018010=0 d=0600 pc1st=018010 pcLast=018013 | 0100: 00 00 00 00 00 00 00 00 00 00 00 00 18 18 18 18 00 00 00 00 00 00 00 00 00 00 00 00 00 00 00 00 | 0600-03: 00 00 00 00 | 1a64: 00 1700: 03
f00579 nm104 b110 tr273 ti7 se0 init0 fd001 fdd90 e018010=0 d=0600 pc1st=018010 pcLast=018013 | 0100: 00 00 00 00 00 00 00 00 00 00 00 00 18 18 18 18 00 00 00 00 00 00 00 00 00 00 00 00 00 00 00 00 | 0600-03: 00 00 00 00 | 1a64: 00 1700: 03
f00580 nm104 b110 tr273 ti7 se0 init0 fd001 fdd90 e018010=0 d=0600 pc1st=018010 pcLast=018013 | 0100: 00 00 00 00 00 00 00 00 00 00 00 00 18 18 18 18 00 00 00 00 00 00 00 00 00 00 00 00 00 00 00 00 | 0600-03: 00 00 00 00 | 1a64: 00 1700: 03
f00581 nm104 b110 tr273 ti7 se0 init0 fd001 fdd90 e018010=0 d=0600 pc1st=018010 pcLast=018013 | 0100: 00 00 00 00 00 00 00 00 00 00 00 00 18 18 18 18 00 00 00 00 00 00 00 00 00 00 00 00 00 00 00 00 | 0600-03: 00 00 00 00 | 1a64: 00 1700: 03
f00582 nm104 b110 tr273 ti7 se0 init0 fd001 fdd90 e018010=0 d=0600 pc1st=018010 pcLast=018013 | 0100: 00 00 00 00 00 00 00 00 00 00 00 00 18 18 18 18 00 00 00 00 00 00 00 00 00 00 00 00 00 00 00 00 | 0600-03: 00 00 00 00 | 1a64: 00 1700: 03
f00583 nm104 b110 tr273 ti7 se0 init0 fd001 fdd90 e018010=0 d=0600 pc1st=018010 pcLast=018013 | 0100: 00 00 00 00 00 00 00 00 00 00 00 00 18 18 18 18 00 00 00 00 00 00 00 00 00 00 00 00 00 00 00 00 | 0600-03: 00 00 00 00 | 1a64: 00 1700: 03
f00584 nm104 b110 tr273 ti7 se0 init0 fd001 fdd90 e018010=0 d=0600 pc1st=018010 pcLast=018013 | 0100: 00 00 00 00 00 00 00 00 00 00 00 00 18 18 18 18 00 00 00 00 00 00 00 00 00 00 00 00 00 00 00 00 | 0600-03: 00 00 00 00 | 1a64: 00 1700: 03
f00585 nm104 b110 tr273 ti7 se0 init0 fd001 fdd90 e018010=0 d=0600 pc1st=018010 pcLast=018013 | 0100: 00 00 00 00 00 00 00 00 00 00 00 00 18 18 18 18 00 00 00 00 00 00 00 00 00 00 00 00 00 00 00 00 | 0600-03: 00 00 00 00 | 1a64: 00 1700: 03
f00586 nm104 b110 tr273 ti7 se0 init0 fd001 fdd90 e018010=0 d=0600 pc1st=018010 pcLast=018013 | 0100: 00 00 00 00 00 00 00 00 00 00 00 00 18 18 18 18 00 00 00 00 00 00 00 00 00 00 00 00 00 00 00 00 | 0600-03: 00 00 00 00 | 1a64: 00 1700: 03
f00587 nm104 b110 tr273 ti7 se0 init0 fd001 fdd90 e018010=0 d=0600 pc1st=018010 pcLast=018013 | 0100: 00 00 00 00 00 00 00 00 00 00 00 00 18 18 18 18 00 00 00 00 00 00 00 00 00 00 00 00 00 00 00 00 | 0600-03: 00 00 00 00 | 1a64: 00 1700: 03
f00588 nm104 b110 tr273 ti7 se0 init0 fd001 fdd90 e018010=0 d=0600 pc1st=018010 pcLast=018013 | 0100: 00 00 00 00 00 00 00 00 00 00 00 00 18 18 18 18 00 00 00 00 00 00 00 00 00 00 00 00 00 00 00 00 | 0600-03: 00 00 00 00 | 1a64: 00 1700: 03
f00589 nm104 b110 tr273 ti7 se0 init0 fd001 fdd90 e018010=0 d=0600 pc1st=018010 pcLast=018013 | 0100: 00 00 00 00 00 00 00 00 00 00 00 00 18 18 18 18 00 00 00 00 00 00 00 00 00 00 00 00 00 00 00 00 | 0600-03: 00 00 00 00 | 1a64: 00 1700: 03
f00590 nm104 b110 tr273 ti7 se0 init0 fd001 fdd90 e018010=0 d=0600 pc1st=018010 pcLast=018013 | 0100: 00 00 00 00 00 00 00 00 00 00 00 00 18 18 18 18 00 00 00 00 00 00 00 00 00 00 00 00 00 00 00 00 | 0600-03: 00 00 00 00 | 1a64: 00 1700: 03
f00591 nm104 b110 tr273 ti7 se0 init0 fd001 fdd90 e018010=0 d=0600 pc1st=018010 pcLast=018013 | 0100: 00 00 00 00 00 00 00 00 00 00 00 00 18 18 18 18 00 00 00 00 00 00 00 00 00 00 00 00 00 00 00 00 | 0600-03: 00 00 00 00 | 1a64: 00 1700: 03
f00592 nm104 b110 tr273 ti7 se0 init0 fd001 fdd90 e018010=0 d=0600 pc1st=018010 pcLast=018013 | 0100: 00 00 00 00 00 00 00 00 00 00 00 00 18 18 18 18 00 00 00 00 00 00 00 00 00 00 00 00 00 00 00 00 | 0600-03: 00 00 00 00 | 1a64: 00 1700: 03
f00593 nm104 b110 tr273 ti7 se0 init0 fd001 fdd90 e018010=0 d=0600 pc1st=018010 pcLast=018013 | 0100: 00 00 00 00 00 00 00 00 00 00 00 00 18 18 18 18 00 00 00 00 00 00 00 00 00 00 00 00 00 00 00 00 | 0600-03: 00 00 00 00 | 1a64: 00 1700: 03
f00594 nm104 b110 tr273 ti7 se0 init0 fd001 fdd90 e018010=0 d=0600 pc1st=018010 pcLast=018013 | 0100: 00 00 00 00 00 00 00 00 00 00 00 00 18 18 18 18 00 00 00 00 00 00 00 00 00 00 00 00 00 00 00 00 | 0600-03: 00 00 00 00 | 1a64: 00 1700: 03
f00595 nm104 b110 tr273 ti7 se0 init0 fd001 fdd90 e018010=0 d=0600 pc1st=018010 pcLast=018013 | 0100: 00 00 00 00 00 00 00 00 00 00 00 00 18 18 18 18 00 00 00 00 00 00 00 00 00 00 00 00 00 00 00 00 | 0600-03: 00 00 00 00 | 1a64: 00 1700: 03
f00596 nm104 b110 tr273 ti7 se0 init0 fd001 fdd90 e018010=0 d=0600 pc1st=018010 pcLast=018013 | 0100: 00 00 00 00 00 00 00 00 00 00 00 00 18 18 18 18 00 00 00 00 00 00 00 00 00 00 00 00 00 00 00 00 | 0600-03: 00 00 00 00 | 1a64: 00 1700: 03
f00597 nm104 b110 tr273 ti7 se0 init0 fd001 fdd90 e018010=0 d=0600 pc1st=018010 pcLast=018013 | 0100: 00 00 00 00 00 00 00 00 00 00 00 00 18 18 18 18 00 00 00 00 00 00 00 00 00 00 00 00 00 00 00 00 | 0600-03: 00 00 00 00 | 1a64: 00 1700: 03
f00598 nm104 b110 tr273 ti7 se0 init0 fd001 fdd90 e018010=0 d=0600 pc1st=018010 pcLast=018013 | 0100: 00 00 00 00 00 00 00 00 00 00 00 00 18 18 18 18 00 00 00 00 00 00 00 00 00 00 00 00 00 00 00 00 | 0600-03: 00 00 00 00 | 1a64: 00 1700: 03
f00599 nm104 b110 tr273 ti7 se0 init0 fd001 fdd90 e018010=0 d=0600 pc1st=018010 pcLast=018013 | 0100: 00 00 00 00 00 00 00 00 00 00 00 00 18 18 18 18 00 00 00 00 00 00 00 00 00 00 00 00 00 00 00 00 | 0600-03: 00 00 00 00 | 1a64: 00 1700: 03
